X1,Y1,X2,Y2,,,,
-1.25E-02,-2.40E-01,-1.25E-02,-2.0799999,,,,
-1.25E-02,-2.40E-01,-1.25E-02,-2.0799999,,,,
-1.25E-02,-2.80E-01,-1.25E-02,-2.1599998,,,,
-1.25E-02,-2.80E-01,-1.25E-02,-2.1599998,,,,
-1.24E-02,-3.20E-01,-1.24E-02,-2.1599998,,,,
-1.24E-02,-3.20E-01,-1.24E-02,-2.1599998,,,,
-1.24E-02,-3.60E-01,-1.24E-02,-2.1599998,,,,
-1.24E-02,-3.60E-01,-1.24E-02,-2.24,,,,
-1.24E-02,-3.60E-01,-1.24E-02,-2.24,,,,
-1.24E-02,-4.00E-01,-1.24E-02,-2.24,,,,
-1.24E-02,-4.00E-01,-1.24E-02,-2.24,,,,
-1.24E-02,-4.40E-01,-1.24E-02,-2.24,,,,
-1.24E-02,-4.80E-01,-1.24E-02,-2.24,,,,
-1.24E-02,-4.40E-01,-1.24E-02,-2.3199999,,,,
-1.23E-02,-5.20E-01,-1.23E-02,-2.3199999,,,,
-1.23E-02,-5.20E-01,-1.23E-02,-2.24,,,,
-1.23E-02,-5.60E-01,-1.23E-02,-2.3199999,,,,
-1.23E-02,-5.60E-01,-1.23E-02,-2.3199999,,,,
-1.23E-02,-5.60E-01,-1.23E-02,-2.3199999,,,,
-1.23E-02,-6.00E-01,-1.23E-02,-2.3199999,,,,
-1.23E-02,-6.00E-01,-1.23E-02,-2.3199999,,,,
-1.23E-02,-6.40E-01,-1.23E-02,-2.3199999,,,,
-1.23E-02,-6.80E-01,-1.23E-02,-2.3999999,,,,
-1.23E-02,-6.80E-01,-1.23E-02,-2.3999999,,,,
-1.22E-02,-6.80E-01,-1.22E-02,-2.3999999,,,,
-1.22E-02,-7.20E-01,-1.22E-02,-2.3199999,,,,
-1.22E-02,-6.80E-01,-1.22E-02,-2.3999999,,,,
-1.22E-02,-7.20E-01,-1.22E-02,-2.3999999,,,,
-1.22E-02,-7.60E-01,-1.22E-02,-2.3999999,,,,
-1.22E-02,-8.00E-01,-1.22E-02,-2.48,,,,
-1.22E-02,-8.00E-01,-1.22E-02,-2.3999999,,,,
-1.22E-02,-8.00E-01,-1.22E-02,-2.3999999,,,,
-1.22E-02,-8.00E-01,-1.22E-02,-2.3999999,,,,
-1.22E-02,-8.00E-01,-1.22E-02,-2.48,,,,
-1.21E-02,-8.40E-01,-1.21E-02,-2.48,,,,
-1.21E-02,-8.80E-01,-1.21E-02,-2.3999999,,,,
-1.21E-02,-8.80E-01,-1.21E-02,-2.48,,,,
-1.21E-02,-9.20E-01,-1.21E-02,-2.3999999,,,,
-1.21E-02,-9.20E-01,-1.21E-02,-2.48,,,,
-1.21E-02,-9.20E-01,-1.21E-02,-2.48,,,,
-1.21E-02,-9.20E-01,-1.21E-02,-2.48,,,,
-1.21E-02,-9.60E-01,-1.21E-02,-2.48,,,,
-1.21E-02,-1,-1.21E-02,-2.48,,,,
-1.21E-02,-1,-1.21E-02,-2.48,,,,
-1.20E-02,-1,-1.20E-02,-2.3999999,,,,
-1.20E-02,-1.04,-1.20E-02,-2.48,,,,
-1.20E-02,-1.04,-1.20E-02,-2.48,,,,
-1.20E-02,-1.04,-1.20E-02,-2.48,,,,
-1.20E-02,-1.04,-1.20E-02,-2.48,,,,
-1.20E-02,-1.12,-1.20E-02,-2.48,,,,
-1.20E-02,-1.12,-1.20E-02,-2.48,,,,
-1.20E-02,-1.12,-1.20E-02,-2.48,,,,
-1.20E-02,-1.12,-1.20E-02,-2.48,,,,
-1.20E-02,-1.12,-1.20E-02,-2.48,,,,
-1.19E-02,-1.16,-1.19E-02,-2.3999999,,,,
-1.19E-02,-1.16,-1.19E-02,-2.5599999,,,,
-1.19E-02,-1.1999999,-1.19E-02,-2.3999999,,,,
-1.19E-02,-1.1999999,-1.19E-02,-2.48,,,,
-1.19E-02,-1.1999999,-1.19E-02,-2.48,,,,
-1.19E-02,-1.24,-1.19E-02,-2.48,,,,
-1.19E-02,-1.24,-1.19E-02,-2.3999999,,,,
-1.19E-02,-1.24,-1.19E-02,-2.3999999,,,,
-1.19E-02,-1.24,-1.19E-02,-2.48,,,,
-1.19E-02,-1.28,-1.19E-02,-2.48,,,,
-1.18E-02,-1.28,-1.18E-02,-2.3999999,,,,
-1.18E-02,-1.28,-1.18E-02,-2.3999999,,,,
-1.18E-02,-1.3199999,-1.18E-02,-2.3999999,,,,
-1.18E-02,-1.3199999,-1.18E-02,-2.3999999,,,,
-1.18E-02,-1.36,-1.18E-02,-2.3999999,,,,
-1.18E-02,-1.3199999,-1.18E-02,-2.3999999,,,,
-1.18E-02,-1.36,-1.18E-02,-2.3999999,,,,
-1.18E-02,-1.36,-1.18E-02,-2.3199999,,,,
-1.18E-02,-1.36,-1.18E-02,-2.3199999,,,,
-1.18E-02,-1.4,-1.18E-02,-2.3199999,,,,
-1.17E-02,-1.4,-1.17E-02,-2.3199999,,,,
-1.17E-02,-1.4,-1.17E-02,-2.24,,,,
-1.17E-02,-1.4,-1.17E-02,-2.3199999,,,,
-1.17E-02,-1.4399999,-1.17E-02,-2.3199999,,,,
-1.17E-02,-1.4399999,-1.17E-02,-2.24,,,,
-1.17E-02,-1.4399999,-1.17E-02,-2.3199999,,,,
-1.17E-02,-1.4399999,-1.17E-02,-2.24,,,,
-1.17E-02,-1.4399999,-1.17E-02,-2.24,,,,
-1.17E-02,-1.4399999,-1.17E-02,-2.24,,,,
-1.17E-02,-1.48,-1.17E-02,-2.24,,,,
-1.16E-02,-1.48,-1.16E-02,-2.24,,,,
-1.16E-02,-1.48,-1.16E-02,-2.1599998,,,,
-1.16E-02,-1.48,-1.16E-02,-2.1599998,,,,
-1.16E-02,-1.48,-1.16E-02,-2.1599998,,,,
-1.16E-02,-1.52,-1.16E-02,-2.24,,,,
-1.16E-02,-1.48,-1.16E-02,-2.1599998,,,,
-1.16E-02,-1.52,-1.16E-02,-2.1599998,,,,
-1.16E-02,-1.52,-1.16E-02,-2.0799999,,,,
-1.16E-02,-1.5599999,-1.16E-02,-2.0799999,,,,
-1.16E-02,-1.52,-1.16E-02,-2.0799999,,,,
-1.15E-02,-1.52,-1.15E-02,-2,,,,
-1.15E-02,-1.5599999,-1.15E-02,-2.0799999,,,,
-1.15E-02,-1.52,-1.15E-02,-2.0799999,,,,
-1.15E-02,-1.52,-1.15E-02,-2,,,,
-1.15E-02,-1.5599999,-1.15E-02,-2,,,,
-1.15E-02,-1.52,-1.15E-02,-1.92,,,,
-1.15E-02,-1.5599999,-1.15E-02,-1.92,,,,
-1.15E-02,-1.5599999,-1.15E-02,-1.92,,,,
-1.15E-02,-1.5999999,-1.15E-02,-1.92,,,,
-1.15E-02,-1.5599999,-1.15E-02,-1.8399999,,,,
-1.14E-02,-1.5999999,-1.14E-02,-1.8399999,,,,
-1.14E-02,-1.5999999,-1.14E-02,-1.8399999,,,,
-1.14E-02,-1.5999999,-1.14E-02,-1.8399999,,,,
-1.14E-02,-1.5999999,-1.14E-02,-1.76,,,,
-1.14E-02,-1.5999999,-1.14E-02,-1.76,,,,
-1.14E-02,-1.5999999,-1.14E-02,-1.6799999,,,,
-1.14E-02,-1.5999999,-1.14E-02,-1.6799999,,,,
-1.14E-02,-1.5999999,-1.14E-02,-1.6799999,,,,
-1.14E-02,-1.5999999,-1.14E-02,-1.6799999,,,,
-1.14E-02,-1.5599999,-1.14E-02,-1.6799999,,,,
-1.13E-02,-1.5999999,-1.13E-02,-1.6799999,,,,
-1.13E-02,-1.5999999,-1.13E-02,-1.5999999,,,,
-1.13E-02,-1.5999999,-1.13E-02,-1.5999999,,,,
-1.13E-02,-1.5599999,-1.13E-02,-1.5999999,,,,
-1.13E-02,-1.5999999,-1.13E-02,-1.52,,,,
-1.13E-02,-1.5999999,-1.13E-02,-1.4399999,,,,
-1.13E-02,-1.5599999,-1.13E-02,-1.52,,,,
-1.13E-02,-1.5599999,-1.13E-02,-1.4399999,,,,
-1.13E-02,-1.5999999,-1.13E-02,-1.4399999,,,,
-1.13E-02,-1.5599999,-1.13E-02,-1.4399999,,,,
-1.12E-02,-1.5999999,-1.12E-02,-1.36,,,,
-1.12E-02,-1.5999999,-1.12E-02,-1.4399999,,,,
-1.12E-02,-1.5599999,-1.12E-02,-1.28,,,,
-1.12E-02,-1.5599999,-1.12E-02,-1.28,,,,
-1.12E-02,-1.5599999,-1.12E-02,-1.28,,,,
-1.12E-02,-1.5599999,-1.12E-02,-1.1999999,,,,
-1.12E-02,-1.5599999,-1.12E-02,-1.28,,,,
-1.12E-02,-1.5599999,-1.12E-02,-1.1999999,,,,
-1.12E-02,-1.5599999,-1.12E-02,-1.12,,,,
-1.12E-02,-1.52,-1.12E-02,-1.12,,,,
-1.11E-02,-1.5599999,-1.11E-02,-1.12,,,,
-1.11E-02,-1.52,-1.11E-02,-1.04,,,,
-1.11E-02,-1.52,-1.11E-02,-1.04,,,,
-1.11E-02,-1.52,-1.11E-02,-1.04,,,,
-1.11E-02,-1.52,-1.11E-02,-1.04,,,,
-1.11E-02,-1.48,-1.11E-02,-9.60E-01,,,,
-1.11E-02,-1.48,-1.11E-02,-9.60E-01,,,,
-1.11E-02,-1.52,-1.11E-02,-8.80E-01,,,,
-1.11E-02,-1.48,-1.11E-02,-8.80E-01,,,,
-1.11E-02,-1.48,-1.11E-02,-8.80E-01,,,,
-1.10E-02,-1.4399999,-1.10E-02,-8.80E-01,,,,
-1.10E-02,-1.4399999,-1.10E-02,-8.80E-01,,,,
-1.10E-02,-1.4399999,-1.10E-02,-8.00E-01,,,,
-1.10E-02,-1.4399999,-1.10E-02,-7.20E-01,,,,
-1.10E-02,-1.4399999,-1.10E-02,-6.40E-01,,,,
-1.10E-02,-1.4,-1.10E-02,-6.40E-01,,,,
-1.10E-02,-1.4,-1.10E-02,-6.40E-01,,,,
-1.10E-02,-1.4,-1.10E-02,-6.40E-01,,,,
-1.10E-02,-1.4,-1.10E-02,-5.60E-01,,,,
-1.10E-02,-1.4,-1.10E-02,-5.60E-01,,,,
-1.09E-02,-1.36,-1.09E-02,-4.80E-01,,,,
-1.09E-02,-1.36,-1.09E-02,-4.80E-01,,,,
-1.09E-02,-1.36,-1.09E-02,-4.00E-01,,,,
-1.09E-02,-1.36,-1.09E-02,-4.80E-01,,,,
-1.09E-02,-1.3199999,-1.09E-02,-4.00E-01,,,,
-1.09E-02,-1.3199999,-1.09E-02,-3.20E-01,,,,
-1.09E-02,-1.28,-1.09E-02,-3.20E-01,,,,
-1.09E-02,-1.28,-1.09E-02,-3.20E-01,,,,
-1.09E-02,-1.28,-1.09E-02,-2.40E-01,,,,
-1.09E-02,-1.24,-1.09E-02,-2.40E-01,,,,
-1.08E-02,-1.28,-1.08E-02,-2.40E-01,,,,
-1.08E-02,-1.24,-1.08E-02,-1.60E-01,,,,
-1.08E-02,-1.1999999,-1.08E-02,-1.60E-01,,,,
-1.08E-02,-1.24,-1.08E-02,-8.00E-02,,,,
-1.08E-02,-1.1999999,-1.08E-02,-8.00E-02,,,,
-1.08E-02,-1.1999999,-1.08E-02,0,,,,
-1.08E-02,-1.16,-1.08E-02,0,,,,
-1.08E-02,-1.16,-1.08E-02,0,,,,
-1.08E-02,-1.16,-1.08E-02,8.00E-02,,,,
-1.08E-02,-1.16,-1.08E-02,8.00E-02,,,,
-1.07E-02,-1.12,-1.07E-02,1.60E-01,,,,
-1.07E-02,-1.12,-1.07E-02,1.60E-01,,,,
-1.07E-02,-1.12,-1.07E-02,1.60E-01,,,,
-1.07E-02,-1.12,-1.07E-02,2.40E-01,,,,
-1.07E-02,-1.04,-1.07E-02,2.40E-01,,,,
-1.07E-02,-1.04,-1.07E-02,2.40E-01,,,,
-1.07E-02,-1.04,-1.07E-02,2.40E-01,,,,
-1.07E-02,-1,-1.07E-02,3.20E-01,,,,
-1.07E-02,-1,-1.07E-02,4.00E-01,,,,
-1.07E-02,-1,-1.07E-02,4.00E-01,,,,
-1.06E-02,-9.60E-01,-1.06E-02,3.20E-01,,,,
-1.06E-02,-9.60E-01,-1.06E-02,4.00E-01,,,,
-1.06E-02,-9.60E-01,-1.06E-02,4.80E-01,,,,
-1.06E-02,-9.20E-01,-1.06E-02,5.60E-01,,,,
-1.06E-02,-8.80E-01,-1.06E-02,5.60E-01,,,,
-1.06E-02,-8.80E-01,-1.06E-02,5.60E-01,,,,
-1.06E-02,-8.80E-01,-1.06E-02,6.40E-01,,,,
-1.06E-02,-8.80E-01,-1.06E-02,6.40E-01,,,,
-1.06E-02,-8.40E-01,-1.06E-02,6.40E-01,,,,
-1.06E-02,-8.40E-01,-1.06E-02,7.20E-01,,,,
-1.05E-02,-8.00E-01,-1.05E-02,7.20E-01,,,,
-1.05E-02,-8.00E-01,-1.05E-02,8.00E-01,,,,
-1.05E-02,-8.00E-01,-1.05E-02,8.00E-01,,,,
-1.05E-02,-7.60E-01,-1.05E-02,8.00E-01,,,,
-1.05E-02,-7.60E-01,-1.05E-02,8.80E-01,,,,
-1.05E-02,-7.20E-01,-1.05E-02,8.00E-01,,,,
-1.05E-02,-6.80E-01,-1.05E-02,8.80E-01,,,,
-1.05E-02,-7.20E-01,-1.05E-02,9.60E-01,,,,
-1.05E-02,-6.80E-01,-1.05E-02,8.80E-01,,,,
-1.05E-02,-6.80E-01,-1.05E-02,1.04,,,,
-1.04E-02,-6.40E-01,-1.04E-02,1.04,,,,
-1.04E-02,-6.40E-01,-1.04E-02,1.04,,,,
-1.04E-02,-6.00E-01,-1.04E-02,1.04,,,,
-1.04E-02,-5.60E-01,-1.04E-02,1.12,,,,
-1.04E-02,-5.60E-01,-1.04E-02,1.04,,,,
-1.04E-02,-5.20E-01,-1.04E-02,1.12,,,,
-1.04E-02,-5.20E-01,-1.04E-02,1.1999999,,,,
-1.04E-02,-5.20E-01,-1.04E-02,1.1999999,,,,
-1.04E-02,-4.80E-01,-1.04E-02,1.28,,,,
-1.04E-02,-4.80E-01,-1.04E-02,1.28,,,,
-1.03E-02,-4.40E-01,-1.03E-02,1.36,,,,
-1.03E-02,-4.40E-01,-1.03E-02,1.28,,,,
-1.03E-02,-4.00E-01,-1.03E-02,1.28,,,,
-1.03E-02,-4.00E-01,-1.03E-02,1.4399999,,,,
-1.03E-02,-3.60E-01,-1.03E-02,1.4399999,,,,
-1.03E-02,-3.60E-01,-1.03E-02,1.4399999,,,,
-1.03E-02,-3.20E-01,-1.03E-02,1.4399999,,,,
-1.03E-02,-3.20E-01,-1.03E-02,1.4399999,,,,
-1.03E-02,-2.80E-01,-1.03E-02,1.52,,,,
-1.03E-02,-2.80E-01,-1.03E-02,1.52,,,,
-1.02E-02,-2.40E-01,-1.02E-02,1.52,,,,
-1.02E-02,-2.40E-01,-1.02E-02,1.5999999,,,,
-1.02E-02,-2.40E-01,-1.02E-02,1.5999999,,,,
-1.02E-02,-2.00E-01,-1.02E-02,1.6799999,,,,
-1.02E-02,-1.60E-01,-1.02E-02,1.6799999,,,,
-1.02E-02,-1.60E-01,-1.02E-02,1.6799999,,,,
-1.02E-02,-1.20E-01,-1.02E-02,1.6799999,,,,
-1.02E-02,-1.20E-01,-1.02E-02,1.76,,,,
-1.02E-02,-4.00E-02,-1.02E-02,1.76,,,,
-1.02E-02,-4.00E-02,-1.02E-02,1.76,,,,
-1.01E-02,-4.00E-02,-1.01E-02,1.8399999,,,,
-1.01E-02,0,-1.01E-02,1.8399999,,,,
-1.01E-02,0,-1.01E-02,1.8399999,,,,
-1.01E-02,0,-1.01E-02,1.92,,,,
-1.01E-02,4.00E-02,-1.01E-02,1.92,,,,
-1.01E-02,8.00E-02,-1.01E-02,1.92,,,,
-1.01E-02,8.00E-02,-1.01E-02,2,,,,
-1.01E-02,1.20E-01,-1.01E-02,1.92,,,,
-1.01E-02,1.20E-01,-1.01E-02,2,,,,
-1.01E-02,1.20E-01,-1.01E-02,1.92,,,,
-1.00E-02,1.60E-01,-1.00E-02,2.0799999,,,,
-1.00E-02,1.60E-01,-1.00E-02,2.0799999,,,,
-1.00E-02,2.00E-01,-1.00E-02,2,,,,
-1.00E-02,2.40E-01,-1.00E-02,2.0799999,,,,
-1.00E-02,2.40E-01,-1.00E-02,2.0799999,,,,
-1.00E-02,2.80E-01,-1.00E-02,2,,,,
-9.99E-03,2.80E-01,-9.99E-03,2.0799999,,,,
-9.98E-03,2.80E-01,-9.98E-03,2.0799999,,,,
-9.97E-03,3.20E-01,-9.97E-03,2.1599998,,,,
-9.96E-03,3.20E-01,-9.96E-03,2.1599998,,,,
-9.95E-03,3.20E-01,-9.95E-03,2.1599998,,,,
-9.94E-03,4.00E-01,-9.94E-03,2.1599998,,,,
-9.93E-03,4.00E-01,-9.93E-03,2.24,,,,
-9.92E-03,4.40E-01,-9.92E-03,2.24,,,,
-9.91E-03,4.40E-01,-9.91E-03,2.24,,,,
-9.90E-03,4.80E-01,-9.90E-03,2.24,,,,
-9.89E-03,4.80E-01,-9.89E-03,2.3199999,,,,
-9.88E-03,4.80E-01,-9.88E-03,2.24,,,,
-9.87E-03,5.20E-01,-9.87E-03,2.24,,,,
-9.86E-03,5.60E-01,-9.86E-03,2.3199999,,,,
-9.85E-03,5.20E-01,-9.85E-03,2.3199999,,,,
-9.84E-03,5.60E-01,-9.84E-03,2.3999999,,,,
-9.83E-03,6.00E-01,-9.83E-03,2.3999999,,,,
-9.82E-03,6.40E-01,-9.82E-03,2.3999999,,,,
-9.81E-03,6.40E-01,-9.81E-03,2.3999999,,,,
-9.80E-03,6.80E-01,-9.80E-03,2.3999999,,,,
-9.79E-03,6.40E-01,-9.79E-03,2.3999999,,,,
-9.78E-03,6.80E-01,-9.78E-03,2.3999999,,,,
-9.77E-03,7.20E-01,-9.77E-03,2.3999999,,,,
-9.76E-03,7.20E-01,-9.76E-03,2.3999999,,,,
-9.75E-03,7.60E-01,-9.75E-03,2.48,,,,
-9.74E-03,7.60E-01,-9.74E-03,2.48,,,,
-9.73E-03,7.60E-01,-9.73E-03,2.48,,,,
-9.72E-03,8.00E-01,-9.72E-03,2.48,,,,
-9.71E-03,8.00E-01,-9.71E-03,2.48,,,,
-9.70E-03,8.40E-01,-9.70E-03,2.48,,,,
-9.69E-03,8.80E-01,-9.69E-03,2.5599999,,,,
-9.68E-03,8.80E-01,-9.68E-03,2.48,,,,
-9.67E-03,8.80E-01,-9.67E-03,2.48,,,,
-9.66E-03,8.80E-01,-9.66E-03,2.48,,,,
-9.65E-03,9.20E-01,-9.65E-03,2.48,,,,
-9.64E-03,9.20E-01,-9.64E-03,2.48,,,,
-9.63E-03,9.60E-01,-9.63E-03,2.5599999,,,,
-9.62E-03,9.20E-01,-9.62E-03,2.5599999,,,,
-9.61E-03,9.60E-01,-9.61E-03,2.5599999,,,,
-9.60E-03,1,-9.60E-03,2.48,,,,
-9.59E-03,1,-9.59E-03,2.5599999,,,,
-9.58E-03,1,-9.58E-03,2.5599999,,,,
-9.57E-03,1,-9.57E-03,2.5599999,,,,
-9.56E-03,1.04,-9.56E-03,2.5599999,,,,
-9.55E-03,1.0799999,-9.55E-03,2.5599999,,,,
-9.54E-03,1.0799999,-9.54E-03,2.5599999,,,,
-9.53E-03,1.12,-9.53E-03,2.5599999,,,,
-9.52E-03,1.0799999,-9.52E-03,2.5599999,,,,
-9.51E-03,1.12,-9.51E-03,2.48,,,,
-9.50E-03,1.12,-9.50E-03,2.5599999,,,,
-9.49E-03,1.12,-9.49E-03,2.5599999,,,,
-9.48E-03,1.16,-9.48E-03,2.5599999,,,,
-9.47E-03,1.1999999,-9.47E-03,2.5599999,,,,
-9.46E-03,1.1999999,-9.46E-03,2.5599999,,,,
-9.45E-03,1.24,-9.45E-03,2.5599999,,,,
-9.44E-03,1.24,-9.44E-03,2.48,,,,
-9.43E-03,1.24,-9.43E-03,2.5599999,,,,
-9.42E-03,1.24,-9.42E-03,2.5599999,,,,
-9.41E-03,1.24,-9.41E-03,2.5599999,,,,
-9.40E-03,1.24,-9.40E-03,2.5599999,,,,
-9.39E-03,1.28,-9.39E-03,2.5599999,,,,
-9.38E-03,1.28,-9.38E-03,2.48,,,,
-9.37E-03,1.28,-9.37E-03,2.48,,,,
-9.36E-03,1.3199999,-9.36E-03,2.48,,,,
-9.35E-03,1.3199999,-9.35E-03,2.5599999,,,,
-9.34E-03,1.36,-9.34E-03,2.48,,,,
-9.33E-03,1.36,-9.33E-03,2.48,,,,
-9.32E-03,1.3199999,-9.32E-03,2.48,,,,
-9.31E-03,1.36,-9.31E-03,2.48,,,,
-9.30E-03,1.4,-9.30E-03,2.48,,,,
-9.29E-03,1.4,-9.29E-03,2.48,,,,
-9.28E-03,1.4,-9.28E-03,2.3999999,,,,
-9.27E-03,1.4,-9.27E-03,2.3999999,,,,
-9.26E-03,1.4399999,-9.26E-03,2.3999999,,,,
-9.25E-03,1.4399999,-9.25E-03,2.48,,,,
-9.24E-03,1.4399999,-9.24E-03,2.3999999,,,,
-9.23E-03,1.4399999,-9.23E-03,2.3999999,,,,
-9.22E-03,1.48,-9.22E-03,2.3999999,,,,
-9.21E-03,1.48,-9.21E-03,2.3199999,,,,
-9.20E-03,1.48,-9.20E-03,2.3999999,,,,
-9.19E-03,1.48,-9.19E-03,2.3199999,,,,
-9.18E-03,1.48,-9.18E-03,2.3199999,,,,
-9.17E-03,1.52,-9.17E-03,2.24,,,,
-9.16E-03,1.52,-9.16E-03,2.3199999,,,,
-9.15E-03,1.52,-9.15E-03,2.24,,,,
-9.14E-03,1.52,-9.14E-03,2.24,,,,
-9.13E-03,1.5599999,-9.13E-03,2.24,,,,
-9.12E-03,1.5599999,-9.12E-03,2.1599998,,,,
-9.11E-03,1.5599999,-9.11E-03,2.1599998,,,,
-9.10E-03,1.5599999,-9.10E-03,2.1599998,,,,
-9.09E-03,1.5599999,-9.09E-03,2.1599998,,,,
-9.08E-03,1.5599999,-9.08E-03,2.1599998,,,,
-9.07E-03,1.5599999,-9.07E-03,2.0799999,,,,
-9.06E-03,1.5999999,-9.06E-03,2.1599998,,,,
-9.05E-03,1.5999999,-9.05E-03,2.0799999,,,,
-9.04E-03,1.5999999,-9.04E-03,2.0799999,,,,
-9.03E-03,1.5999999,-9.03E-03,2,,,,
-9.02E-03,1.5999999,-9.02E-03,2,,,,
-9.01E-03,1.5999999,-9.01E-03,2,,,,
-9.00E-03,1.5999999,-9.00E-03,2,,,,
-8.99E-03,1.64,-8.99E-03,2,,,,
-8.98E-03,1.5999999,-8.98E-03,2,,,,
-8.97E-03,1.5999999,-8.97E-03,1.92,,,,
-8.96E-03,1.64,-8.96E-03,1.92,,,,
-8.95E-03,1.64,-8.95E-03,1.92,,,,
-8.94E-03,1.64,-8.94E-03,1.92,,,,
-8.93E-03,1.64,-8.93E-03,1.92,,,,
-8.92E-03,1.5999999,-8.92E-03,1.8399999,,,,
-8.91E-03,1.64,-8.91E-03,1.8399999,,,,
-8.90E-03,1.64,-8.90E-03,1.8399999,,,,
-8.89E-03,1.64,-8.89E-03,1.8399999,,,,
-8.88E-03,1.5999999,-8.88E-03,1.76,,,,
-8.87E-03,1.64,-8.87E-03,1.76,,,,
-8.86E-03,1.64,-8.86E-03,1.76,,,,
-8.85E-03,1.64,-8.85E-03,1.6799999,,,,
-8.84E-03,1.64,-8.84E-03,1.6799999,,,,
-8.83E-03,1.64,-8.83E-03,1.5999999,,,,
-8.82E-03,1.64,-8.82E-03,1.5999999,,,,
-8.81E-03,1.64,-8.81E-03,1.5999999,,,,
-8.80E-03,1.64,-8.80E-03,1.5999999,,,,
-8.79E-03,1.64,-8.79E-03,1.5999999,,,,
-8.78E-03,1.5999999,-8.78E-03,1.52,,,,
-8.77E-03,1.64,-8.77E-03,1.52,,,,
-8.76E-03,1.64,-8.76E-03,1.52,,,,
-8.75E-03,1.64,-8.75E-03,1.4399999,,,,
-8.74E-03,1.5999999,-8.74E-03,1.4399999,,,,
-8.73E-03,1.64,-8.73E-03,1.4399999,,,,
-8.72E-03,1.5999999,-8.72E-03,1.36,,,,
-8.71E-03,1.5999999,-8.71E-03,1.36,,,,
-8.70E-03,1.5999999,-8.70E-03,1.28,,,,
-8.69E-03,1.5999999,-8.69E-03,1.28,,,,
-8.68E-03,1.5999999,-8.68E-03,1.28,,,,
-8.67E-03,1.5999999,-8.67E-03,1.1999999,,,,
-8.66E-03,1.5599999,-8.66E-03,1.1999999,,,,
-8.65E-03,1.5999999,-8.65E-03,1.1999999,,,,
-8.64E-03,1.5599999,-8.64E-03,1.12,,,,
-8.63E-03,1.5599999,-8.63E-03,1.12,,,,
-8.62E-03,1.5599999,-8.62E-03,1.04,,,,
-8.61E-03,1.5599999,-8.61E-03,1.04,,,,
-8.60E-03,1.52,-8.60E-03,9.60E-01,,,,
-8.59E-03,1.5599999,-8.59E-03,9.60E-01,,,,
-8.58E-03,1.52,-8.58E-03,9.60E-01,,,,
-8.57E-03,1.52,-8.57E-03,8.80E-01,,,,
-8.56E-03,1.52,-8.56E-03,8.80E-01,,,,
-8.55E-03,1.52,-8.55E-03,8.80E-01,,,,
-8.54E-03,1.48,-8.54E-03,8.80E-01,,,,
-8.53E-03,1.52,-8.53E-03,8.00E-01,,,,
-8.52E-03,1.48,-8.52E-03,8.00E-01,,,,
-8.51E-03,1.48,-8.51E-03,7.20E-01,,,,
-8.50E-03,1.48,-8.50E-03,7.20E-01,,,,
-8.49E-03,1.4399999,-8.49E-03,7.20E-01,,,,
-8.48E-03,1.4399999,-8.48E-03,6.40E-01,,,,
-8.47E-03,1.4399999,-8.47E-03,6.40E-01,,,,
-8.46E-03,1.4399999,-8.46E-03,6.40E-01,,,,
-8.45E-03,1.4399999,-8.45E-03,5.60E-01,,,,
-8.44E-03,1.4399999,-8.44E-03,5.60E-01,,,,
-8.43E-03,1.4,-8.43E-03,4.80E-01,,,,
-8.42E-03,1.4,-8.42E-03,4.80E-01,,,,
-8.41E-03,1.36,-8.41E-03,4.00E-01,,,,
-8.40E-03,1.36,-8.40E-03,4.00E-01,,,,
-8.39E-03,1.36,-8.39E-03,4.00E-01,,,,
-8.38E-03,1.36,-8.38E-03,4.00E-01,,,,
-8.37E-03,1.3199999,-8.37E-03,3.20E-01,,,,
-8.36E-03,1.3199999,-8.36E-03,2.40E-01,,,,
-8.35E-03,1.3199999,-8.35E-03,2.40E-01,,,,
-8.34E-03,1.28,-8.34E-03,2.40E-01,,,,
-8.33E-03,1.28,-8.33E-03,2.40E-01,,,,
-8.32E-03,1.28,-8.32E-03,2.40E-01,,,,
-8.31E-03,1.28,-8.31E-03,1.60E-01,,,,
-8.30E-03,1.24,-8.30E-03,1.60E-01,,,,
-8.29E-03,1.24,-8.29E-03,8.00E-02,,,,
-8.28E-03,1.24,-8.28E-03,8.00E-02,,,,
-8.27E-03,1.1999999,-8.27E-03,0,,,,
-8.26E-03,1.1999999,-8.26E-03,0,,,,
-8.25E-03,1.1999999,-8.25E-03,0,,,,
-8.24E-03,1.16,-8.24E-03,0,,,,
-8.23E-03,1.16,-8.23E-03,-8.00E-02,,,,
-8.22E-03,1.12,-8.22E-03,-8.00E-02,,,,
-8.21E-03,1.12,-8.21E-03,-1.60E-01,,,,
-8.20E-03,1.0799999,-8.20E-03,-1.60E-01,,,,
-8.19E-03,1.0799999,-8.19E-03,-2.40E-01,,,,
-8.18E-03,1.0799999,-8.18E-03,-2.40E-01,,,,
-8.17E-03,1.0799999,-8.17E-03,-3.20E-01,,,,
-8.16E-03,1.04,-8.16E-03,-3.20E-01,,,,
-8.15E-03,1.04,-8.15E-03,-3.20E-01,,,,
-8.14E-03,1,-8.14E-03,-4.00E-01,,,,
-8.13E-03,1,-8.13E-03,-4.00E-01,,,,
-8.12E-03,9.60E-01,-8.12E-03,-4.80E-01,,,,
-8.11E-03,9.60E-01,-8.11E-03,-4.80E-01,,,,
-8.10E-03,9.60E-01,-8.10E-03,-4.80E-01,,,,
-8.09E-03,9.60E-01,-8.09E-03,-5.60E-01,,,,
-8.08E-03,9.20E-01,-8.08E-03,-5.60E-01,,,,
-8.07E-03,9.20E-01,-8.07E-03,-5.60E-01,,,,
-8.06E-03,8.80E-01,-8.06E-03,-6.40E-01,,,,
-8.05E-03,8.80E-01,-8.05E-03,-6.40E-01,,,,
-8.04E-03,8.80E-01,-8.04E-03,-7.20E-01,,,,
-8.03E-03,8.40E-01,-8.03E-03,-7.20E-01,,,,
-8.02E-03,8.00E-01,-8.02E-03,-8.00E-01,,,,
-8.01E-03,8.00E-01,-8.01E-03,-7.20E-01,,,,
-8.00E-03,8.00E-01,-8.00E-03,-8.80E-01,,,,
-7.99E-03,7.60E-01,-7.99E-03,-8.80E-01,,,,
-7.98E-03,7.60E-01,-7.98E-03,-8.80E-01,,,,
-7.97E-03,7.60E-01,-7.97E-03,-9.60E-01,,,,
-7.96E-03,7.20E-01,-7.96E-03,-9.60E-01,,,,
-7.95E-03,6.80E-01,-7.95E-03,-9.60E-01,,,,
-7.94E-03,6.80E-01,-7.94E-03,-9.60E-01,,,,
-7.93E-03,6.80E-01,-7.93E-03,-1.04,,,,
-7.92E-03,6.40E-01,-7.92E-03,-1.04,,,,
-7.91E-03,6.00E-01,-7.91E-03,-1.12,,,,
-7.90E-03,6.00E-01,-7.90E-03,-1.12,,,,
-7.89E-03,6.00E-01,-7.89E-03,-1.12,,,,
-7.88E-03,5.60E-01,-7.88E-03,-1.1999999,,,,
-7.87E-03,5.20E-01,-7.87E-03,-1.1999999,,,,
-7.86E-03,5.20E-01,-7.86E-03,-1.1999999,,,,
-7.85E-03,5.20E-01,-7.85E-03,-1.28,,,,
-7.84E-03,5.20E-01,-7.84E-03,-1.28,,,,
-7.83E-03,5.20E-01,-7.83E-03,-1.28,,,,
-7.82E-03,4.80E-01,-7.82E-03,-1.36,,,,
-7.81E-03,4.40E-01,-7.81E-03,-1.36,,,,
-7.80E-03,4.00E-01,-7.80E-03,-1.4399999,,,,
-7.79E-03,4.00E-01,-7.79E-03,-1.4399999,,,,
-7.78E-03,4.00E-01,-7.78E-03,-1.4399999,,,,
-7.77E-03,3.60E-01,-7.77E-03,-1.52,,,,
-7.76E-03,3.20E-01,-7.76E-03,-1.4399999,,,,
-7.75E-03,3.20E-01,-7.75E-03,-1.52,,,,
-7.74E-03,2.80E-01,-7.74E-03,-1.52,,,,
-7.73E-03,2.80E-01,-7.73E-03,-1.52,,,,
-7.72E-03,2.40E-01,-7.72E-03,-1.5999999,,,,
-7.71E-03,2.40E-01,-7.71E-03,-1.5999999,,,,
-7.70E-03,2.00E-01,-7.70E-03,-1.6799999,,,,
-7.69E-03,2.00E-01,-7.69E-03,-1.6799999,,,,
-7.68E-03,1.60E-01,-7.68E-03,-1.6799999,,,,
-7.67E-03,1.60E-01,-7.67E-03,-1.6799999,,,,
-7.66E-03,1.60E-01,-7.66E-03,-1.76,,,,
-7.65E-03,8.00E-02,-7.65E-03,-1.76,,,,
-7.64E-03,8.00E-02,-7.64E-03,-1.76,,,,
-7.63E-03,8.00E-02,-7.63E-03,-1.8399999,,,,
-7.62E-03,4.00E-02,-7.62E-03,-1.8399999,,,,
-7.61E-03,0,-7.61E-03,-1.8399999,,,,
-7.60E-03,0,-7.60E-03,-1.8399999,,,,
-7.59E-03,0,-7.59E-03,-1.8399999,,,,
-7.58E-03,0,-7.58E-03,-1.92,,,,
-7.57E-03,-4.00E-02,-7.57E-03,-1.92,,,,
-7.56E-03,-4.00E-02,-7.56E-03,-1.92,,,,
-7.55E-03,-8.00E-02,-7.55E-03,-1.92,,,,
-7.54E-03,-8.00E-02,-7.54E-03,-2,,,,
-7.53E-03,-1.20E-01,-7.53E-03,-1.92,,,,
-7.52E-03,-1.60E-01,-7.52E-03,-2,,,,
-7.51E-03,-2.00E-01,-7.51E-03,-2,,,,
-7.50E-03,-1.60E-01,-7.50E-03,-2.0799999,,,,
-7.49E-03,-2.00E-01,-7.49E-03,-2.0799999,,,,
-7.48E-03,-2.40E-01,-7.48E-03,-2.0799999,,,,
-7.47E-03,-2.80E-01,-7.47E-03,-2.0799999,,,,
-7.46E-03,-2.80E-01,-7.46E-03,-2.1599998,,,,
-7.45E-03,-2.80E-01,-7.45E-03,-2.1599998,,,,
-7.44E-03,-3.20E-01,-7.44E-03,-2.1599998,,,,
-7.43E-03,-3.60E-01,-7.43E-03,-2.1599998,,,,
-7.42E-03,-3.60E-01,-7.42E-03,-2.24,,,,
-7.41E-03,-3.60E-01,-7.41E-03,-2.24,,,,
-7.40E-03,-4.00E-01,-7.40E-03,-2.24,,,,
-7.39E-03,-4.00E-01,-7.39E-03,-2.24,,,,
-7.38E-03,-4.00E-01,-7.38E-03,-2.24,,,,
-7.37E-03,-4.40E-01,-7.37E-03,-2.24,,,,
-7.36E-03,-4.80E-01,-7.36E-03,-2.24,,,,
-7.35E-03,-5.20E-01,-7.35E-03,-2.3199999,,,,
-7.34E-03,-5.20E-01,-7.34E-03,-2.24,,,,
-7.33E-03,-5.20E-01,-7.33E-03,-2.3199999,,,,
-7.32E-03,-5.60E-01,-7.32E-03,-2.3199999,,,,
-7.31E-03,-6.00E-01,-7.31E-03,-2.3199999,,,,
-7.30E-03,-5.60E-01,-7.30E-03,-2.3199999,,,,
-7.29E-03,-6.40E-01,-7.29E-03,-2.3199999,,,,
-7.28E-03,-6.40E-01,-7.28E-03,-2.3999999,,,,
-7.27E-03,-6.40E-01,-7.27E-03,-2.3999999,,,,
-7.26E-03,-6.80E-01,-7.26E-03,-2.3999999,,,,
-7.25E-03,-6.80E-01,-7.25E-03,-2.3999999,,,,
-7.24E-03,-7.20E-01,-7.24E-03,-2.3999999,,,,
-7.23E-03,-6.80E-01,-7.23E-03,-2.3999999,,,,
-7.22E-03,-7.20E-01,-7.22E-03,-2.3999999,,,,
-7.21E-03,-7.60E-01,-7.21E-03,-2.3999999,,,,
-7.20E-03,-7.60E-01,-7.20E-03,-2.3999999,,,,
-7.19E-03,-7.60E-01,-7.19E-03,-2.48,,,,
-7.18E-03,-8.00E-01,-7.18E-03,-2.3999999,,,,
-7.17E-03,-8.00E-01,-7.17E-03,-2.48,,,,
-7.16E-03,-8.40E-01,-7.16E-03,-2.3999999,,,,
-7.15E-03,-8.40E-01,-7.15E-03,-2.3999999,,,,
-7.14E-03,-8.80E-01,-7.14E-03,-2.48,,,,
-7.13E-03,-8.80E-01,-7.13E-03,-2.48,,,,
-7.12E-03,-8.80E-01,-7.12E-03,-2.3999999,,,,
-7.11E-03,-9.20E-01,-7.11E-03,-2.48,,,,
-7.10E-03,-9.20E-01,-7.10E-03,-2.48,,,,
-7.09E-03,-9.60E-01,-7.09E-03,-2.48,,,,
-7.08E-03,-9.60E-01,-7.08E-03,-2.48,,,,
-7.07E-03,-1,-7.07E-03,-2.48,,,,
-7.06E-03,-1,-7.06E-03,-2.3999999,,,,
-7.05E-03,-1,-7.05E-03,-2.48,,,,
-7.04E-03,-1,-7.04E-03,-2.48,,,,
-7.03E-03,-1.04,-7.03E-03,-2.48,,,,
-7.02E-03,-1.04,-7.02E-03,-2.48,,,,
-7.01E-03,-1.0799999,-7.01E-03,-2.48,,,,
-7.00E-03,-1.0799999,-7.00E-03,-2.3999999,,,,
-6.99E-03,-1.12,-6.99E-03,-2.48,,,,
-6.98E-03,-1.12,-6.98E-03,-2.48,,,,
-6.97E-03,-1.12,-6.97E-03,-2.48,,,,
-6.96E-03,-1.12,-6.96E-03,-2.48,,,,
-6.95E-03,-1.16,-6.95E-03,-2.3999999,,,,
-6.94E-03,-1.16,-6.94E-03,-2.48,,,,
-6.93E-03,-1.16,-6.93E-03,-2.48,,,,
-6.92E-03,-1.1999999,-6.92E-03,-2.48,,,,
-6.91E-03,-1.24,-6.91E-03,-2.3999999,,,,
-6.90E-03,-1.24,-6.90E-03,-2.48,,,,
-6.89E-03,-1.28,-6.89E-03,-2.48,,,,
-6.88E-03,-1.24,-6.88E-03,-2.48,,,,
-6.87E-03,-1.28,-6.87E-03,-2.3999999,,,,
-6.86E-03,-1.28,-6.86E-03,-2.3999999,,,,
-6.85E-03,-1.28,-6.85E-03,-2.3999999,,,,
-6.84E-03,-1.28,-6.84E-03,-2.3999999,,,,
-6.83E-03,-1.3199999,-6.83E-03,-2.3999999,,,,
-6.82E-03,-1.3199999,-6.82E-03,-2.3999999,,,,
-6.81E-03,-1.3199999,-6.81E-03,-2.3999999,,,,
-6.80E-03,-1.36,-6.80E-03,-2.3999999,,,,
-6.79E-03,-1.3199999,-6.79E-03,-2.3999999,,,,
-6.78E-03,-1.36,-6.78E-03,-2.3199999,,,,
-6.77E-03,-1.36,-6.77E-03,-2.3199999,,,,
-6.76E-03,-1.36,-6.76E-03,-2.3999999,,,,
-6.75E-03,-1.4,-6.75E-03,-2.3199999,,,,
-6.74E-03,-1.4399999,-6.74E-03,-2.3199999,,,,
-6.73E-03,-1.4399999,-6.73E-03,-2.3199999,,,,
-6.72E-03,-1.4399999,-6.72E-03,-2.3199999,,,,
-6.71E-03,-1.4399999,-6.71E-03,-2.3199999,,,,
-6.70E-03,-1.4399999,-6.70E-03,-2.24,,,,
-6.69E-03,-1.4399999,-6.69E-03,-2.3199999,,,,
-6.68E-03,-1.4399999,-6.68E-03,-2.24,,,,
-6.67E-03,-1.48,-6.67E-03,-2.24,,,,
-6.66E-03,-1.48,-6.66E-03,-2.1599998,,,,
-6.65E-03,-1.48,-6.65E-03,-2.24,,,,
-6.64E-03,-1.48,-6.64E-03,-2.24,,,,
-6.63E-03,-1.52,-6.63E-03,-2.24,,,,
-6.62E-03,-1.48,-6.62E-03,-2.1599998,,,,
-6.61E-03,-1.52,-6.61E-03,-2.1599998,,,,
-6.60E-03,-1.52,-6.60E-03,-2.1599998,,,,
-6.59E-03,-1.52,-6.59E-03,-2.1599998,,,,
-6.58E-03,-1.52,-6.58E-03,-2.1599998,,,,
-6.57E-03,-1.52,-6.57E-03,-2.0799999,,,,
-6.56E-03,-1.52,-6.56E-03,-2.0799999,,,,
-6.55E-03,-1.52,-6.55E-03,-2.0799999,,,,
-6.54E-03,-1.5599999,-6.54E-03,-2.0799999,,,,
-6.53E-03,-1.52,-6.53E-03,-2.0799999,,,,
-6.52E-03,-1.5599999,-6.52E-03,-2,,,,
-6.51E-03,-1.5599999,-6.51E-03,-2,,,,
-6.50E-03,-1.52,-6.50E-03,-2,,,,
-6.49E-03,-1.5999999,-6.49E-03,-1.92,,,,
-6.48E-03,-1.5599999,-6.48E-03,-1.92,,,,
-6.47E-03,-1.5599999,-6.47E-03,-1.92,,,,
-6.46E-03,-1.5999999,-6.46E-03,-1.8399999,,,,
-6.45E-03,-1.5999999,-6.45E-03,-1.8399999,,,,
-6.44E-03,-1.5599999,-6.44E-03,-1.8399999,,,,
-6.43E-03,-1.5599999,-6.43E-03,-1.76,,,,
-6.42E-03,-1.5999999,-6.42E-03,-1.76,,,,
-6.41E-03,-1.5599999,-6.41E-03,-1.76,,,,
-6.40E-03,-1.5599999,-6.40E-03,-1.76,,,,
-6.39E-03,-1.5999999,-6.39E-03,-1.6799999,,,,
-6.38E-03,-1.5999999,-6.38E-03,-1.76,,,,
-6.37E-03,-1.5999999,-6.37E-03,-1.6799999,,,,
-6.36E-03,-1.5999999,-6.36E-03,-1.6799999,,,,
-6.35E-03,-1.5999999,-6.35E-03,-1.5999999,,,,
-6.34E-03,-1.5999999,-6.34E-03,-1.5999999,,,,
-6.33E-03,-1.5999999,-6.33E-03,-1.5999999,,,,
-6.32E-03,-1.5999999,-6.32E-03,-1.5999999,,,,
-6.31E-03,-1.5999999,-6.31E-03,-1.5999999,,,,
-6.30E-03,-1.5999999,-6.30E-03,-1.52,,,,
-6.29E-03,-1.5999999,-6.29E-03,-1.52,,,,
-6.28E-03,-1.5999999,-6.28E-03,-1.4399999,,,,
-6.27E-03,-1.5599999,-6.27E-03,-1.4399999,,,,
-6.26E-03,-1.5999999,-6.26E-03,-1.4399999,,,,
-6.25E-03,-1.5599999,-6.25E-03,-1.36,,,,
-6.24E-03,-1.52,-6.24E-03,-1.36,,,,
-6.23E-03,-1.5599999,-6.23E-03,-1.28,,,,
-6.22E-03,-1.52,-6.22E-03,-1.28,,,,
-6.21E-03,-1.5599999,-6.21E-03,-1.28,,,,
-6.20E-03,-1.5599999,-6.20E-03,-1.28,,,,
-6.19E-03,-1.52,-6.19E-03,-1.1999999,,,,
-6.18E-03,-1.52,-6.18E-03,-1.12,,,,
-6.17E-03,-1.52,-6.17E-03,-1.1999999,,,,
-6.16E-03,-1.52,-6.16E-03,-1.12,,,,
-6.15E-03,-1.52,-6.15E-03,-1.12,,,,
-6.14E-03,-1.52,-6.14E-03,-1.12,,,,
-6.13E-03,-1.52,-6.13E-03,-1.04,,,,
-6.12E-03,-1.52,-6.12E-03,-1.04,,,,
-6.11E-03,-1.52,-6.11E-03,-9.60E-01,,,,
-6.10E-03,-1.48,-6.10E-03,-9.60E-01,,,,
-6.09E-03,-1.48,-6.09E-03,-9.60E-01,,,,
-6.08E-03,-1.52,-6.08E-03,-9.60E-01,,,,
-6.07E-03,-1.48,-6.07E-03,-8.80E-01,,,,
-6.06E-03,-1.48,-6.06E-03,-8.80E-01,,,,
-6.05E-03,-1.4399999,-6.05E-03,-8.00E-01,,,,
-6.04E-03,-1.48,-6.04E-03,-8.80E-01,,,,
-6.03E-03,-1.4399999,-6.03E-03,-8.00E-01,,,,
-6.02E-03,-1.4399999,-6.02E-03,-7.20E-01,,,,
-6.01E-03,-1.4399999,-6.01E-03,-7.20E-01,,,,
-6.00E-03,-1.4399999,-6.00E-03,-6.40E-01,,,,
-5.99E-03,-1.4,-5.99E-03,-5.60E-01,,,,
-5.98E-03,-1.4,-5.98E-03,-6.40E-01,,,,
-5.97E-03,-1.36,-5.97E-03,-5.60E-01,,,,
-5.96E-03,-1.4,-5.96E-03,-5.60E-01,,,,
-5.95E-03,-1.36,-5.95E-03,-4.80E-01,,,,
-5.94E-03,-1.36,-5.94E-03,-4.80E-01,,,,
-5.93E-03,-1.36,-5.93E-03,-4.80E-01,,,,
-5.92E-03,-1.3199999,-5.92E-03,-4.00E-01,,,,
-5.91E-03,-1.36,-5.91E-03,-4.00E-01,,,,
-5.90E-03,-1.3199999,-5.90E-03,-3.20E-01,,,,
-5.89E-03,-1.3199999,-5.89E-03,-3.20E-01,,,,
-5.88E-03,-1.3199999,-5.88E-03,-3.20E-01,,,,
-5.87E-03,-1.28,-5.87E-03,-2.40E-01,,,,
-5.86E-03,-1.28,-5.86E-03,-3.20E-01,,,,
-5.85E-03,-1.24,-5.85E-03,-2.40E-01,,,,
-5.84E-03,-1.24,-5.84E-03,-2.40E-01,,,,
-5.83E-03,-1.24,-5.83E-03,-1.60E-01,,,,
-5.82E-03,-1.24,-5.82E-03,-8.00E-02,,,,
-5.81E-03,-1.1999999,-5.81E-03,-8.00E-02,,,,
-5.80E-03,-1.1999999,-5.80E-03,0,,,,
-5.79E-03,-1.1999999,-5.79E-03,0,,,,
-5.78E-03,-1.16,-5.78E-03,0,,,,
-5.77E-03,-1.16,-5.77E-03,8.00E-02,,,,
-5.76E-03,-1.12,-5.76E-03,8.00E-02,,,,
-5.75E-03,-1.12,-5.75E-03,1.60E-01,,,,
-5.74E-03,-1.12,-5.74E-03,1.60E-01,,,,
-5.73E-03,-1.0799999,-5.73E-03,2.40E-01,,,,
-5.72E-03,-1.0799999,-5.72E-03,2.40E-01,,,,
-5.71E-03,-1.0799999,-5.71E-03,2.40E-01,,,,
-5.70E-03,-1.04,-5.70E-03,3.20E-01,,,,
-5.69E-03,-1.04,-5.69E-03,2.40E-01,,,,
-5.68E-03,-1.04,-5.68E-03,3.20E-01,,,,
-5.67E-03,-1,-5.67E-03,3.20E-01,,,,
-5.66E-03,-1,-5.66E-03,4.00E-01,,,,
-5.65E-03,-9.60E-01,-5.65E-03,4.00E-01,,,,
-5.64E-03,-9.20E-01,-5.64E-03,4.00E-01,,,,
-5.63E-03,-9.20E-01,-5.63E-03,4.00E-01,,,,
-5.62E-03,-9.20E-01,-5.62E-03,5.60E-01,,,,
-5.61E-03,-9.20E-01,-5.61E-03,5.60E-01,,,,
-5.60E-03,-8.80E-01,-5.60E-03,5.60E-01,,,,
-5.59E-03,-8.80E-01,-5.59E-03,5.60E-01,,,,
-5.58E-03,-8.80E-01,-5.58E-03,6.40E-01,,,,
-5.57E-03,-8.40E-01,-5.57E-03,6.40E-01,,,,
-5.56E-03,-8.00E-01,-5.56E-03,7.20E-01,,,,
-5.55E-03,-8.00E-01,-5.55E-03,7.20E-01,,,,
-5.54E-03,-7.60E-01,-5.54E-03,8.00E-01,,,,
-5.53E-03,-7.60E-01,-5.53E-03,8.00E-01,,,,
-5.52E-03,-7.60E-01,-5.52E-03,8.00E-01,,,,
-5.51E-03,-7.20E-01,-5.51E-03,8.00E-01,,,,
-5.50E-03,-7.20E-01,-5.50E-03,8.80E-01,,,,
-5.49E-03,-7.20E-01,-5.49E-03,9.60E-01,,,,
-5.48E-03,-6.80E-01,-5.48E-03,9.60E-01,,,,
-5.47E-03,-6.80E-01,-5.47E-03,9.60E-01,,,,
-5.46E-03,-6.80E-01,-5.46E-03,1.04,,,,
-5.45E-03,-6.40E-01,-5.45E-03,1.04,,,,
-5.44E-03,-6.40E-01,-5.44E-03,1.04,,,,
-5.43E-03,-6.00E-01,-5.43E-03,1.04,,,,
-5.42E-03,-5.60E-01,-5.42E-03,1.04,,,,
-5.41E-03,-5.60E-01,-5.41E-03,1.12,,,,
-5.40E-03,-5.60E-01,-5.40E-03,1.1999999,,,,
-5.39E-03,-4.80E-01,-5.39E-03,1.1999999,,,,
-5.38E-03,-4.80E-01,-5.38E-03,1.1999999,,,,
-5.37E-03,-4.80E-01,-5.37E-03,1.28,,,,
-5.36E-03,-4.40E-01,-5.36E-03,1.28,,,,
-5.35E-03,-4.40E-01,-5.35E-03,1.28,,,,
-5.34E-03,-4.00E-01,-5.34E-03,1.36,,,,
-5.33E-03,-4.00E-01,-5.33E-03,1.36,,,,
-5.32E-03,-4.00E-01,-5.32E-03,1.36,,,,
-5.31E-03,-3.60E-01,-5.31E-03,1.4399999,,,,
-5.30E-03,-3.60E-01,-5.30E-03,1.4399999,,,,
-5.29E-03,-3.20E-01,-5.29E-03,1.4399999,,,,
-5.28E-03,-3.20E-01,-5.28E-03,1.52,,,,
-5.27E-03,-2.80E-01,-5.27E-03,1.52,,,,
-5.26E-03,-2.80E-01,-5.26E-03,1.52,,,,
-5.25E-03,-2.80E-01,-5.25E-03,1.52,,,,
-5.24E-03,-2.40E-01,-5.24E-03,1.5999999,,,,
-5.23E-03,-2.00E-01,-5.23E-03,1.5999999,,,,
-5.22E-03,-1.60E-01,-5.22E-03,1.5999999,,,,
-5.21E-03,-1.60E-01,-5.21E-03,1.6799999,,,,
-5.20E-03,-1.20E-01,-5.20E-03,1.6799999,,,,
-5.19E-03,-1.20E-01,-5.19E-03,1.76,,,,
-5.18E-03,-1.20E-01,-5.18E-03,1.76,,,,
-5.17E-03,-8.00E-02,-5.17E-03,1.76,,,,
-5.16E-03,-8.00E-02,-5.16E-03,1.8399999,,,,
-5.15E-03,-4.00E-02,-5.15E-03,1.8399999,,,,
-5.14E-03,0,-5.14E-03,1.76,,,,
-5.13E-03,0,-5.13E-03,1.8399999,,,,
-5.12E-03,0,-5.12E-03,1.92,,,,
-5.11E-03,4.00E-02,-5.11E-03,1.92,,,,
-5.10E-03,4.00E-02,-5.10E-03,1.92,,,,
-5.09E-03,1.20E-01,-5.09E-03,1.92,,,,
-5.08E-03,1.20E-01,-5.08E-03,1.92,,,,
-5.07E-03,1.20E-01,-5.07E-03,2,,,,
-5.06E-03,1.20E-01,-5.06E-03,2,,,,
-5.05E-03,1.60E-01,-5.05E-03,2,,,,
-5.04E-03,2.00E-01,-5.04E-03,2,,,,
-5.03E-03,2.00E-01,-5.03E-03,2,,,,
-5.02E-03,2.00E-01,-5.02E-03,2,,,,
-5.01E-03,2.40E-01,-5.01E-03,2.0799999,,,,
-5.00E-03,2.40E-01,-5.00E-03,2.0799999,,,,
-4.99E-03,2.80E-01,-4.99E-03,2.1599998,,,,
-4.98E-03,3.20E-01,-4.98E-03,2.1599998,,,,
-4.97E-03,3.20E-01,-4.97E-03,2.1599998,,,,
-4.96E-03,3.20E-01,-4.96E-03,2.0799999,,,,
-4.95E-03,3.60E-01,-4.95E-03,2.1599998,,,,
-4.94E-03,4.00E-01,-4.94E-03,2.1599998,,,,
-4.93E-03,4.00E-01,-4.93E-03,2.24,,,,
-4.92E-03,4.00E-01,-4.92E-03,2.24,,,,
-4.91E-03,4.80E-01,-4.91E-03,2.24,,,,
-4.90E-03,4.80E-01,-4.90E-03,2.24,,,,
-4.89E-03,4.80E-01,-4.89E-03,2.24,,,,
-4.88E-03,4.80E-01,-4.88E-03,2.3199999,,,,
-4.87E-03,5.20E-01,-4.87E-03,2.3199999,,,,
-4.86E-03,5.20E-01,-4.86E-03,2.3999999,,,,
-4.85E-03,5.60E-01,-4.85E-03,2.3199999,,,,
-4.84E-03,5.60E-01,-4.84E-03,2.3199999,,,,
-4.83E-03,5.60E-01,-4.83E-03,2.3999999,,,,
-4.82E-03,6.00E-01,-4.82E-03,2.3999999,,,,
-4.81E-03,6.40E-01,-4.81E-03,2.3999999,,,,
-4.80E-03,6.40E-01,-4.80E-03,2.48,,,,
-4.79E-03,6.40E-01,-4.79E-03,2.3999999,,,,
-4.78E-03,6.80E-01,-4.78E-03,2.3999999,,,,
-4.77E-03,6.80E-01,-4.77E-03,2.48,,,,
-4.76E-03,7.20E-01,-4.76E-03,2.3999999,,,,
-4.75E-03,7.20E-01,-4.75E-03,2.3999999,,,,
-4.74E-03,7.60E-01,-4.74E-03,2.3999999,,,,
-4.73E-03,8.00E-01,-4.73E-03,2.48,,,,
-4.72E-03,8.00E-01,-4.72E-03,2.48,,,,
-4.71E-03,8.00E-01,-4.71E-03,2.48,,,,
-4.70E-03,8.00E-01,-4.70E-03,2.48,,,,
-4.69E-03,8.40E-01,-4.69E-03,2.48,,,,
-4.68E-03,8.80E-01,-4.68E-03,2.5599999,,,,
-4.67E-03,8.80E-01,-4.67E-03,2.48,,,,
-4.66E-03,8.80E-01,-4.66E-03,2.5599999,,,,
-4.65E-03,9.20E-01,-4.65E-03,2.48,,,,
-4.64E-03,9.20E-01,-4.64E-03,2.48,,,,
-4.63E-03,9.20E-01,-4.63E-03,2.5599999,,,,
-4.62E-03,9.60E-01,-4.62E-03,2.48,,,,
-4.61E-03,1,-4.61E-03,2.5599999,,,,
-4.60E-03,9.60E-01,-4.60E-03,2.5599999,,,,
-4.59E-03,1,-4.59E-03,2.5599999,,,,
-4.58E-03,1,-4.58E-03,2.5599999,,,,
-4.57E-03,1.04,-4.57E-03,2.5599999,,,,
-4.56E-03,1.04,-4.56E-03,2.5599999,,,,
-4.55E-03,1.0799999,-4.55E-03,2.5599999,,,,
-4.54E-03,1.0799999,-4.54E-03,2.5599999,,,,
-4.53E-03,1.0799999,-4.53E-03,2.5599999,,,,
-4.52E-03,1.12,-4.52E-03,2.5599999,,,,
-4.51E-03,1.12,-4.51E-03,2.5599999,,,,
-4.50E-03,1.16,-4.50E-03,2.5599999,,,,
-4.49E-03,1.16,-4.49E-03,2.48,,,,
-4.48E-03,1.16,-4.48E-03,2.5599999,,,,
-4.47E-03,1.1999999,-4.47E-03,2.5599999,,,,
-4.46E-03,1.1999999,-4.46E-03,2.5599999,,,,
-4.45E-03,1.1999999,-4.45E-03,2.5599999,,,,
-4.44E-03,1.24,-4.44E-03,2.5599999,,,,
-4.43E-03,1.24,-4.43E-03,2.5599999,,,,
-4.42E-03,1.24,-4.42E-03,2.5599999,,,,
-4.41E-03,1.24,-4.41E-03,2.5599999,,,,
-4.40E-03,1.28,-4.40E-03,2.5599999,,,,
-4.39E-03,1.28,-4.39E-03,2.5599999,,,,
-4.38E-03,1.28,-4.38E-03,2.5599999,,,,
-4.37E-03,1.28,-4.37E-03,2.48,,,,
-4.36E-03,1.3199999,-4.36E-03,2.48,,,,
-4.35E-03,1.3199999,-4.35E-03,2.48,,,,
-4.34E-03,1.36,-4.34E-03,2.48,,,,
-4.33E-03,1.36,-4.33E-03,2.48,,,,
-4.32E-03,1.36,-4.32E-03,2.48,,,,
-4.31E-03,1.4,-4.31E-03,2.48,,,,
-4.30E-03,1.4,-4.30E-03,2.48,,,,
-4.29E-03,1.36,-4.29E-03,2.3999999,,,,
-4.28E-03,1.4,-4.28E-03,2.3999999,,,,
-4.27E-03,1.4399999,-4.27E-03,2.3999999,,,,
-4.26E-03,1.4399999,-4.26E-03,2.3999999,,,,
-4.25E-03,1.4399999,-4.25E-03,2.3999999,,,,
-4.24E-03,1.4399999,-4.24E-03,2.3999999,,,,
-4.23E-03,1.4399999,-4.23E-03,2.3999999,,,,
-4.22E-03,1.4399999,-4.22E-03,2.3999999,,,,
-4.21E-03,1.48,-4.21E-03,2.3999999,,,,
-4.20E-03,1.48,-4.20E-03,2.3199999,,,,
-4.19E-03,1.52,-4.19E-03,2.3199999,,,,
-4.18E-03,1.52,-4.18E-03,2.3199999,,,,
-4.17E-03,1.48,-4.17E-03,2.24,,,,
-4.16E-03,1.52,-4.16E-03,2.3199999,,,,
-4.15E-03,1.52,-4.15E-03,2.24,,,,
-4.14E-03,1.52,-4.14E-03,2.24,,,,
-4.13E-03,1.52,-4.13E-03,2.24,,,,
-4.12E-03,1.52,-4.12E-03,2.24,,,,
-4.11E-03,1.5599999,-4.11E-03,2.1599998,,,,
-4.10E-03,1.5599999,-4.10E-03,2.1599998,,,,
-4.09E-03,1.5599999,-4.09E-03,2.1599998,,,,
-4.08E-03,1.5599999,-4.08E-03,2.1599998,,,,
-4.07E-03,1.5599999,-4.07E-03,2.1599998,,,,
-4.06E-03,1.5999999,-4.06E-03,2.0799999,,,,
-4.05E-03,1.5999999,-4.05E-03,2.0799999,,,,
-4.04E-03,1.5999999,-4.04E-03,2.0799999,,,,
-4.03E-03,1.5999999,-4.03E-03,2.0799999,,,,
-4.02E-03,1.5999999,-4.02E-03,2,,,,
-4.01E-03,1.5999999,-4.01E-03,2.0799999,,,,
-4.00E-03,1.5999999,-4.00E-03,2,,,,
-3.99E-03,1.5999999,-3.99E-03,2,,,,
-3.98E-03,1.5999999,-3.98E-03,1.92,,,,
-3.97E-03,1.5999999,-3.97E-03,2,,,,
-3.96E-03,1.64,-3.96E-03,2,,,,
-3.95E-03,1.64,-3.95E-03,1.92,,,,
-3.94E-03,1.64,-3.94E-03,1.92,,,,
-3.93E-03,1.64,-3.93E-03,1.8399999,,,,
-3.92E-03,1.64,-3.92E-03,1.92,,,,
-3.91E-03,1.64,-3.91E-03,1.8399999,,,,
-3.90E-03,1.64,-3.90E-03,1.76,,,,
-3.89E-03,1.64,-3.89E-03,1.8399999,,,,
-3.88E-03,1.64,-3.88E-03,1.76,,,,
-3.87E-03,1.64,-3.87E-03,1.76,,,,
-3.86E-03,1.64,-3.86E-03,1.6799999,,,,
-3.85E-03,1.64,-3.85E-03,1.76,,,,
-3.84E-03,1.64,-3.84E-03,1.5999999,,,,
-3.83E-03,1.64,-3.83E-03,1.5999999,,,,
-3.82E-03,1.64,-3.82E-03,1.5999999,,,,
-3.81E-03,1.64,-3.81E-03,1.5999999,,,,
-3.80E-03,1.64,-3.80E-03,1.5999999,,,,
-3.79E-03,1.64,-3.79E-03,1.52,,,,
-3.78E-03,1.64,-3.78E-03,1.52,,,,
-3.77E-03,1.5999999,-3.77E-03,1.52,,,,
-3.76E-03,1.64,-3.76E-03,1.4399999,,,,
-3.75E-03,1.64,-3.75E-03,1.4399999,,,,
-3.74E-03,1.5999999,-3.74E-03,1.4399999,,,,
-3.73E-03,1.64,-3.73E-03,1.36,,,,
-3.72E-03,1.64,-3.72E-03,1.36,,,,
-3.71E-03,1.5999999,-3.71E-03,1.36,,,,
-3.70E-03,1.5999999,-3.70E-03,1.36,,,,
-3.69E-03,1.5999999,-3.69E-03,1.28,,,,
-3.68E-03,1.5999999,-3.68E-03,1.28,,,,
-3.67E-03,1.5999999,-3.67E-03,1.28,,,,
-3.66E-03,1.5599999,-3.66E-03,1.1999999,,,,
-3.65E-03,1.5599999,-3.65E-03,1.1999999,,,,
-3.64E-03,1.5599999,-3.64E-03,1.12,,,,
-3.63E-03,1.5999999,-3.63E-03,1.04,,,,
-3.62E-03,1.5599999,-3.62E-03,1.04,,,,
-3.61E-03,1.5599999,-3.61E-03,1.04,,,,
-3.60E-03,1.5599999,-3.60E-03,1.04,,,,
-3.59E-03,1.5599999,-3.59E-03,1.04,,,,
-3.58E-03,1.52,-3.58E-03,9.60E-01,,,,
-3.57E-03,1.52,-3.57E-03,9.60E-01,,,,
-3.56E-03,1.52,-3.56E-03,9.60E-01,,,,
-3.55E-03,1.52,-3.55E-03,8.80E-01,,,,
-3.54E-03,1.52,-3.54E-03,8.80E-01,,,,
-3.53E-03,1.48,-3.53E-03,8.00E-01,,,,
-3.52E-03,1.48,-3.52E-03,8.00E-01,,,,
-3.51E-03,1.48,-3.51E-03,8.00E-01,,,,
-3.50E-03,1.48,-3.50E-03,7.20E-01,,,,
-3.49E-03,1.4399999,-3.49E-03,7.20E-01,,,,
-3.48E-03,1.4399999,-3.48E-03,6.40E-01,,,,
-3.47E-03,1.4399999,-3.47E-03,6.40E-01,,,,
-3.46E-03,1.48,-3.46E-03,6.40E-01,,,,
-3.45E-03,1.4399999,-3.45E-03,5.60E-01,,,,
-3.44E-03,1.4399999,-3.44E-03,5.60E-01,,,,
-3.43E-03,1.4399999,-3.43E-03,5.60E-01,,,,
-3.42E-03,1.4,-3.42E-03,4.80E-01,,,,
-3.41E-03,1.4,-3.41E-03,4.00E-01,,,,
-3.40E-03,1.36,-3.40E-03,4.00E-01,,,,
-3.39E-03,1.36,-3.39E-03,3.20E-01,,,,
-3.38E-03,1.36,-3.38E-03,3.20E-01,,,,
-3.37E-03,1.36,-3.37E-03,3.20E-01,,,,
-3.36E-03,1.3199999,-3.36E-03,3.20E-01,,,,
-3.35E-03,1.28,-3.35E-03,2.40E-01,,,,
-3.34E-03,1.28,-3.34E-03,2.40E-01,,,,
-3.33E-03,1.28,-3.33E-03,2.40E-01,,,,
-3.32E-03,1.24,-3.32E-03,1.60E-01,,,,
-3.31E-03,1.28,-3.31E-03,1.60E-01,,,,
-3.30E-03,1.24,-3.30E-03,1.60E-01,,,,
-3.29E-03,1.1999999,-3.29E-03,8.00E-02,,,,
-3.28E-03,1.1999999,-3.28E-03,8.00E-02,,,,
-3.27E-03,1.1999999,-3.27E-03,8.00E-02,,,,
-3.26E-03,1.1999999,-3.26E-03,0,,,,
-3.25E-03,1.16,-3.25E-03,-8.00E-02,,,,
-3.24E-03,1.16,-3.24E-03,-8.00E-02,,,,
-3.23E-03,1.16,-3.23E-03,-8.00E-02,,,,
-3.22E-03,1.12,-3.22E-03,-1.60E-01,,,,
-3.21E-03,1.12,-3.21E-03,-8.00E-02,,,,
-3.20E-03,1.12,-3.20E-03,-2.40E-01,,,,
-3.19E-03,1.0799999,-3.19E-03,-2.40E-01,,,,
-3.18E-03,1.0799999,-3.18E-03,-2.40E-01,,,,
-3.17E-03,1.0799999,-3.17E-03,-3.20E-01,,,,
-3.16E-03,1.04,-3.16E-03,-3.20E-01,,,,
-3.15E-03,1,-3.15E-03,-3.20E-01,,,,
-3.14E-03,1,-3.14E-03,-4.00E-01,,,,
-3.13E-03,1,-3.13E-03,-4.80E-01,,,,
-3.12E-03,9.60E-01,-3.12E-03,-4.00E-01,,,,
-3.11E-03,9.60E-01,-3.11E-03,-4.80E-01,,,,
-3.10E-03,9.60E-01,-3.10E-03,-4.80E-01,,,,
-3.09E-03,9.60E-01,-3.09E-03,-5.60E-01,,,,
-3.08E-03,9.20E-01,-3.08E-03,-5.60E-01,,,,
-3.07E-03,9.20E-01,-3.07E-03,-6.40E-01,,,,
-3.06E-03,8.80E-01,-3.06E-03,-5.60E-01,,,,
-3.05E-03,8.80E-01,-3.05E-03,-7.20E-01,,,,
-3.04E-03,8.80E-01,-3.04E-03,-6.40E-01,,,,
-3.03E-03,8.40E-01,-3.03E-03,-7.20E-01,,,,
-3.02E-03,8.40E-01,-3.02E-03,-8.00E-01,,,,
-3.01E-03,8.00E-01,-3.01E-03,-8.00E-01,,,,
-3.00E-03,7.60E-01,-3.00E-03,-8.00E-01,,,,
-2.99E-03,7.60E-01,-2.99E-03,-8.80E-01,,,,
-2.98E-03,7.60E-01,-2.98E-03,-8.80E-01,,,,
-2.97E-03,7.20E-01,-2.97E-03,-9.60E-01,,,,
-2.96E-03,7.20E-01,-2.96E-03,-9.60E-01,,,,
-2.95E-03,7.20E-01,-2.95E-03,-9.60E-01,,,,
-2.94E-03,6.80E-01,-2.94E-03,-9.60E-01,,,,
-2.93E-03,6.40E-01,-2.93E-03,-1.04,,,,
-2.92E-03,6.40E-01,-2.92E-03,-1.04,,,,
-2.91E-03,6.40E-01,-2.91E-03,-1.04,,,,
-2.90E-03,6.00E-01,-2.90E-03,-1.12,,,,
-2.89E-03,6.00E-01,-2.89E-03,-1.12,,,,
-2.88E-03,5.60E-01,-2.88E-03,-1.1999999,,,,
-2.87E-03,5.60E-01,-2.87E-03,-1.1999999,,,,
-2.86E-03,5.20E-01,-2.86E-03,-1.1999999,,,,
-2.85E-03,5.20E-01,-2.85E-03,-1.28,,,,
-2.84E-03,5.20E-01,-2.84E-03,-1.28,,,,
-2.83E-03,4.80E-01,-2.83E-03,-1.36,,,,
-2.82E-03,4.40E-01,-2.82E-03,-1.36,,,,
-2.81E-03,4.80E-01,-2.81E-03,-1.4399999,,,,
-2.80E-03,4.00E-01,-2.80E-03,-1.4399999,,,,
-2.79E-03,4.00E-01,-2.79E-03,-1.4399999,,,,
-2.78E-03,4.00E-01,-2.78E-03,-1.4399999,,,,
-2.77E-03,3.20E-01,-2.77E-03,-1.4399999,,,,
-2.76E-03,3.60E-01,-2.76E-03,-1.4399999,,,,
-2.75E-03,3.20E-01,-2.75E-03,-1.52,,,,
-2.74E-03,2.80E-01,-2.74E-03,-1.52,,,,
-2.73E-03,2.80E-01,-2.73E-03,-1.5999999,,,,
-2.72E-03,2.40E-01,-2.72E-03,-1.5999999,,,,
-2.71E-03,2.40E-01,-2.71E-03,-1.5999999,,,,
-2.70E-03,2.00E-01,-2.70E-03,-1.5999999,,,,
-2.69E-03,2.00E-01,-2.69E-03,-1.6799999,,,,
-2.68E-03,1.60E-01,-2.68E-03,-1.6799999,,,,
-2.67E-03,1.60E-01,-2.67E-03,-1.76,,,,
-2.66E-03,1.20E-01,-2.66E-03,-1.76,,,,
-2.65E-03,1.20E-01,-2.65E-03,-1.76,,,,
-2.64E-03,8.00E-02,-2.64E-03,-1.76,,,,
-2.63E-03,8.00E-02,-2.63E-03,-1.76,,,,
-2.62E-03,8.00E-02,-2.62E-03,-1.8399999,,,,
-2.61E-03,4.00E-02,-2.61E-03,-1.8399999,,,,
-2.60E-03,0,-2.60E-03,-1.8399999,,,,
-2.59E-03,0,-2.59E-03,-1.8399999,,,,
-2.58E-03,0,-2.58E-03,-1.92,,,,
-2.57E-03,0,-2.57E-03,-1.92,,,,
-2.56E-03,-8.00E-02,-2.56E-03,-1.92,,,,
-2.55E-03,-8.00E-02,-2.55E-03,-2,,,,
-2.54E-03,-8.00E-02,-2.54E-03,-1.92,,,,
-2.53E-03,-1.20E-01,-2.53E-03,-2,,,,
-2.52E-03,-1.60E-01,-2.52E-03,-2.0799999,,,,
-2.51E-03,-1.60E-01,-2.51E-03,-2,,,,
-2.50E-03,-1.60E-01,-2.50E-03,-2.0799999,,,,
-2.49E-03,-2.00E-01,-2.49E-03,-2.0799999,,,,
-2.48E-03,-2.40E-01,-2.48E-03,-2.0799999,,,,
-2.47E-03,-2.80E-01,-2.47E-03,-2.1599998,,,,
-2.46E-03,-2.80E-01,-2.46E-03,-2.0799999,,,,
-2.45E-03,-2.80E-01,-2.45E-03,-2.1599998,,,,
-2.44E-03,-3.20E-01,-2.44E-03,-2.1599998,,,,
-2.43E-03,-3.20E-01,-2.43E-03,-2.1599998,,,,
-2.42E-03,-3.60E-01,-2.42E-03,-2.1599998,,,,
-2.41E-03,-3.60E-01,-2.41E-03,-2.24,,,,
-2.40E-03,-3.60E-01,-2.40E-03,-2.1599998,,,,
-2.39E-03,-4.40E-01,-2.39E-03,-2.24,,,,
-2.38E-03,-4.40E-01,-2.38E-03,-2.24,,,,
-2.37E-03,-4.80E-01,-2.37E-03,-2.24,,,,
-2.36E-03,-4.80E-01,-2.36E-03,-2.24,,,,
-2.35E-03,-4.80E-01,-2.35E-03,-2.3199999,,,,
-2.34E-03,-4.80E-01,-2.34E-03,-2.24,,,,
-2.33E-03,-5.20E-01,-2.33E-03,-2.24,,,,
-2.32E-03,-5.60E-01,-2.32E-03,-2.3199999,,,,
-2.31E-03,-5.60E-01,-2.31E-03,-2.3199999,,,,
-2.30E-03,-5.60E-01,-2.30E-03,-2.3199999,,,,
-2.29E-03,-6.40E-01,-2.29E-03,-2.3199999,,,,
-2.28E-03,-6.40E-01,-2.28E-03,-2.3199999,,,,
-2.27E-03,-6.80E-01,-2.27E-03,-2.3999999,,,,
-2.26E-03,-6.80E-01,-2.26E-03,-2.3199999,,,,
-2.25E-03,-6.80E-01,-2.25E-03,-2.3999999,,,,
-2.24E-03,-7.20E-01,-2.24E-03,-2.3999999,,,,
-2.23E-03,-7.20E-01,-2.23E-03,-2.3999999,,,,
-2.22E-03,-7.20E-01,-2.22E-03,-2.3999999,,,,
-2.21E-03,-7.20E-01,-2.21E-03,-2.3999999,,,,
-2.20E-03,-7.60E-01,-2.20E-03,-2.3999999,,,,
-2.19E-03,-8.00E-01,-2.19E-03,-2.3999999,,,,
-2.18E-03,-8.00E-01,-2.18E-03,-2.48,,,,
-2.17E-03,-8.00E-01,-2.17E-03,-2.48,,,,
-2.16E-03,-8.40E-01,-2.16E-03,-2.3999999,,,,
-2.15E-03,-8.40E-01,-2.15E-03,-2.48,,,,
-2.14E-03,-8.80E-01,-2.14E-03,-2.3999999,,,,
-2.13E-03,-8.80E-01,-2.13E-03,-2.3999999,,,,
-2.12E-03,-8.80E-01,-2.12E-03,-2.48,,,,
-2.11E-03,-9.20E-01,-2.11E-03,-2.48,,,,
-2.10E-03,-9.60E-01,-2.10E-03,-2.48,,,,
-2.09E-03,-9.60E-01,-2.09E-03,-2.48,,,,
-2.08E-03,-9.60E-01,-2.08E-03,-2.48,,,,
-2.07E-03,-1,-2.07E-03,-2.48,,,,
-2.06E-03,-1,-2.06E-03,-2.48,,,,
-2.05E-03,-1,-2.05E-03,-2.48,,,,
-2.04E-03,-1.04,-2.04E-03,-2.3999999,,,,
-2.03E-03,-1.04,-2.03E-03,-2.48,,,,
-2.02E-03,-1.0799999,-2.02E-03,-2.48,,,,
-2.01E-03,-1.0799999,-2.01E-03,-2.5599999,,,,
-2.00E-03,-1.12,-2.00E-03,-2.3999999,,,,
-1.99E-03,-1.0799999,-1.99E-03,-2.48,,,,
-1.98E-03,-1.12,-1.98E-03,-2.48,,,,
-1.97E-03,-1.16,-1.97E-03,-2.48,,,,
-1.96E-03,-1.12,-1.96E-03,-2.3999999,,,,
-1.95E-03,-1.16,-1.95E-03,-2.48,,,,
-1.94E-03,-1.16,-1.94E-03,-2.48,,,,
-1.93E-03,-1.16,-1.93E-03,-2.48,,,,
-1.92E-03,-1.1999999,-1.92E-03,-2.48,,,,
-1.91E-03,-1.1999999,-1.91E-03,-2.48,,,,
-1.90E-03,-1.24,-1.90E-03,-2.3999999,,,,
-1.89E-03,-1.24,-1.89E-03,-2.3999999,,,,
-1.88E-03,-1.24,-1.88E-03,-2.3999999,,,,
-1.87E-03,-1.24,-1.87E-03,-2.48,,,,
-1.86E-03,-1.24,-1.86E-03,-2.3999999,,,,
-1.85E-03,-1.28,-1.85E-03,-2.48,,,,
-1.84E-03,-1.28,-1.84E-03,-2.3999999,,,,
-1.83E-03,-1.28,-1.83E-03,-2.3999999,,,,
-1.82E-03,-1.3199999,-1.82E-03,-2.3999999,,,,
-1.81E-03,-1.36,-1.81E-03,-2.3999999,,,,
-1.80E-03,-1.36,-1.80E-03,-2.3999999,,,,
-1.79E-03,-1.36,-1.79E-03,-2.3199999,,,,
-1.78E-03,-1.36,-1.78E-03,-2.3199999,,,,
-1.77E-03,-1.36,-1.77E-03,-2.3199999,,,,
-1.76E-03,-1.36,-1.76E-03,-2.3199999,,,,
-1.75E-03,-1.4,-1.75E-03,-2.3199999,,,,
-1.74E-03,-1.4,-1.74E-03,-2.3199999,,,,
-1.73E-03,-1.4,-1.73E-03,-2.3199999,,,,
-1.72E-03,-1.4,-1.72E-03,-2.3199999,,,,
-1.71E-03,-1.4399999,-1.71E-03,-2.24,,,,
-1.70E-03,-1.4399999,-1.70E-03,-2.3199999,,,,
-1.69E-03,-1.4399999,-1.69E-03,-2.24,,,,
-1.68E-03,-1.48,-1.68E-03,-2.24,,,,
-1.67E-03,-1.4399999,-1.67E-03,-2.24,,,,
-1.66E-03,-1.48,-1.66E-03,-2.24,,,,
-1.65E-03,-1.4399999,-1.65E-03,-2.24,,,,
-1.64E-03,-1.48,-1.64E-03,-2.24,,,,
-1.63E-03,-1.48,-1.63E-03,-2.24,,,,
-1.62E-03,-1.52,-1.62E-03,-2.24,,,,
-1.61E-03,-1.52,-1.61E-03,-2.1599998,,,,
-1.60E-03,-1.48,-1.60E-03,-2.0799999,,,,
-1.59E-03,-1.52,-1.59E-03,-2.0799999,,,,
-1.58E-03,-1.52,-1.58E-03,-2.1599998,,,,
-1.57E-03,-1.52,-1.57E-03,-2.0799999,,,,
-1.56E-03,-1.52,-1.56E-03,-2,,,,
-1.55E-03,-1.52,-1.55E-03,-2.0799999,,,,
-1.54E-03,-1.52,-1.54E-03,-2.0799999,,,,
-1.53E-03,-1.5599999,-1.53E-03,-2,,,,
-1.52E-03,-1.5599999,-1.52E-03,-2,,,,
-1.51E-03,-1.5599999,-1.51E-03,-2,,,,
-1.50E-03,-1.5599999,-1.50E-03,-1.92,,,,
-1.49E-03,-1.5599999,-1.49E-03,-1.92,,,,
-1.48E-03,-1.5599999,-1.48E-03,-1.92,,,,
-1.47E-03,-1.5999999,-1.47E-03,-1.92,,,,
-1.46E-03,-1.5599999,-1.46E-03,-1.92,,,,
-1.45E-03,-1.5599999,-1.45E-03,-1.8399999,,,,
-1.44E-03,-1.5999999,-1.44E-03,-1.8399999,,,,
-1.43E-03,-1.5999999,-1.43E-03,-1.8399999,,,,
-1.42E-03,-1.5999999,-1.42E-03,-1.76,,,,
-1.41E-03,-1.5999999,-1.41E-03,-1.76,,,,
-1.40E-03,-1.5599999,-1.40E-03,-1.76,,,,
-1.39E-03,-1.5999999,-1.39E-03,-1.6799999,,,,
-1.38E-03,-1.5999999,-1.38E-03,-1.6799999,,,,
-1.37E-03,-1.5999999,-1.37E-03,-1.5999999,,,,
-1.36E-03,-1.64,-1.36E-03,-1.6799999,,,,
-1.35E-03,-1.5999999,-1.35E-03,-1.5999999,,,,
-1.34E-03,-1.5999999,-1.34E-03,-1.5999999,,,,
-1.33E-03,-1.5999999,-1.33E-03,-1.52,,,,
-1.32E-03,-1.5599999,-1.32E-03,-1.52,,,,
-1.31E-03,-1.5999999,-1.31E-03,-1.52,,,,
-1.30E-03,-1.5599999,-1.30E-03,-1.4399999,,,,
-1.29E-03,-1.52,-1.29E-03,-1.52,,,,
-1.28E-03,-1.5999999,-1.28E-03,-1.4399999,,,,
-1.27E-03,-1.5999999,-1.27E-03,-1.4399999,,,,
-1.26E-03,-1.5599999,-1.26E-03,-1.4399999,,,,
-1.25E-03,-1.5599999,-1.25E-03,-1.36,,,,
-1.24E-03,-1.5999999,-1.24E-03,-1.4399999,,,,
-1.23E-03,-1.5999999,-1.23E-03,-1.36,,,,
-1.22E-03,-1.5599999,-1.22E-03,-1.28,,,,
-1.21E-03,-1.5599999,-1.21E-03,-1.28,,,,
-1.20E-03,-1.5599999,-1.20E-03,-1.1999999,,,,
-1.19E-03,-1.52,-1.19E-03,-1.28,,,,
-1.18E-03,-1.5599999,-1.18E-03,-1.1999999,,,,
-1.17E-03,-1.5599999,-1.17E-03,-1.12,,,,
-1.16E-03,-1.52,-1.16E-03,-1.12,,,,
-1.15E-03,-1.52,-1.15E-03,-1.12,,,,
-1.14E-03,-1.52,-1.14E-03,-1.04,,,,
-1.13E-03,-1.52,-1.13E-03,-1.04,,,,
-1.12E-03,-1.52,-1.12E-03,-1.04,,,,
-1.11E-03,-1.52,-1.11E-03,-1.04,,,,
-1.10E-03,-1.52,-1.10E-03,-9.60E-01,,,,
-1.09E-03,-1.48,-1.09E-03,-9.60E-01,,,,
-1.08E-03,-1.48,-1.08E-03,-8.80E-01,,,,
-1.07E-03,-1.48,-1.07E-03,-8.80E-01,,,,
-1.06E-03,-1.48,-1.06E-03,-8.80E-01,,,,
-1.05E-03,-1.48,-1.05E-03,-8.80E-01,,,,
-1.04E-03,-1.48,-1.04E-03,-8.00E-01,,,,
-1.03E-03,-1.4399999,-1.03E-03,-7.20E-01,,,,
-1.02E-03,-1.4399999,-1.02E-03,-7.20E-01,,,,
-1.01E-03,-1.4399999,-1.01E-03,-6.40E-01,,,,
-1.00E-03,-1.4399999,-1.00E-03,-6.40E-01,,,,
-9.90E-04,-1.4,-9.90E-04,-6.40E-01,,,,
-9.80E-04,-1.4,-9.80E-04,-5.60E-01,,,,
-9.70E-04,-1.4,-9.70E-04,-5.60E-01,,,,
-9.60E-04,-1.36,-9.60E-04,-5.60E-01,,,,
-9.50E-04,-1.36,-9.50E-04,-4.80E-01,,,,
-9.40E-04,-1.36,-9.40E-04,-4.80E-01,,,,
-9.30E-04,-1.3199999,-9.30E-04,-4.80E-01,,,,
-9.20E-04,-1.36,-9.20E-04,-4.00E-01,,,,
-9.10E-04,-1.3199999,-9.10E-04,-4.00E-01,,,,
-9.00E-04,-1.3199999,-9.00E-04,-4.00E-01,,,,
-8.90E-04,-1.3199999,-8.90E-04,-3.20E-01,,,,
-8.80E-04,-1.28,-8.80E-04,-3.20E-01,,,,
-8.70E-04,-1.28,-8.70E-04,-2.40E-01,,,,
-8.60E-04,-1.28,-8.60E-04,-2.40E-01,,,,
-8.50E-04,-1.24,-8.50E-04,-1.60E-01,,,,
-8.40E-04,-1.24,-8.40E-04,-2.40E-01,,,,
-8.30E-04,-1.24,-8.30E-04,-1.60E-01,,,,
-8.20E-04,-1.24,-8.20E-04,-8.00E-02,,,,
-8.10E-04,-1.1999999,-8.10E-04,-8.00E-02,,,,
-8.00E-04,-1.16,-8.00E-04,0,,,,
-7.90E-04,-1.1999999,-7.90E-04,0,,,,
-7.80E-04,-1.16,-7.80E-04,0,,,,
-7.70E-04,-1.16,-7.70E-04,8.00E-02,,,,
-7.60E-04,-1.16,-7.60E-04,8.00E-02,,,,
-7.50E-04,-1.12,-7.50E-04,1.60E-01,,,,
-7.40E-04,-1.12,-7.40E-04,1.60E-01,,,,
-7.30E-04,-1.12,-7.30E-04,2.40E-01,,,,
-7.20E-04,-1.0799999,-7.20E-04,2.40E-01,,,,
-7.10E-04,-1.0799999,-7.10E-04,2.40E-01,,,,
-7.00E-04,-1.0799999,-7.00E-04,2.40E-01,,,,
-6.90E-04,-1.04,-6.90E-04,3.20E-01,,,,
-6.80E-04,-1,-6.80E-04,3.20E-01,,,,
-6.70E-04,-9.60E-01,-6.70E-04,3.20E-01,,,,
-6.60E-04,-1,-6.60E-04,4.00E-01,,,,
-6.50E-04,-9.60E-01,-6.50E-04,4.00E-01,,,,
-6.40E-04,-9.60E-01,-6.40E-04,4.80E-01,,,,
-6.30E-04,-9.20E-01,-6.30E-04,4.80E-01,,,,
-6.20E-04,-9.20E-01,-6.20E-04,5.60E-01,,,,
-6.10E-04,-9.20E-01,-6.10E-04,5.60E-01,,,,
-6.00E-04,-8.80E-01,-6.00E-04,6.40E-01,,,,
-5.90E-04,-8.80E-01,-5.90E-04,6.40E-01,,,,
-5.80E-04,-8.40E-01,-5.80E-04,6.40E-01,,,,
-5.70E-04,-8.40E-01,-5.70E-04,7.20E-01,,,,
-5.60E-04,-8.00E-01,-5.60E-04,7.20E-01,,,,
-5.50E-04,-8.00E-01,-5.50E-04,7.20E-01,,,,
-5.40E-04,-7.60E-01,-5.40E-04,8.80E-01,,,,
-5.30E-04,-7.60E-01,-5.30E-04,8.00E-01,,,,
-5.20E-04,-7.60E-01,-5.20E-04,8.00E-01,,,,
-5.10E-04,-7.20E-01,-5.10E-04,8.80E-01,,,,
-5.00E-04,-7.20E-01,-5.00E-04,8.80E-01,,,,
-4.90E-04,-7.20E-01,-4.90E-04,9.60E-01,,,,
-4.80E-04,-7.20E-01,-4.80E-04,9.60E-01,,,,
-4.70E-04,-6.80E-01,-4.70E-04,9.60E-01,,,,
-4.60E-04,-6.80E-01,-4.60E-04,1.04,,,,
-4.50E-04,-6.40E-01,-4.50E-04,1.04,,,,
-4.40E-04,-6.40E-01,-4.40E-04,1.04,,,,
-4.30E-04,-6.40E-01,-4.30E-04,1.12,,,,
-4.20E-04,-5.60E-01,-4.20E-04,1.12,,,,
-4.10E-04,-5.20E-01,-4.10E-04,1.12,,,,
-4.00E-04,-5.20E-01,-4.00E-04,1.1999999,,,,
-3.90E-04,-5.20E-01,-3.90E-04,1.1999999,,,,
-3.80E-04,-5.20E-01,-3.80E-04,1.1999999,,,,
-3.70E-04,-4.80E-01,-3.70E-04,1.1999999,,,,
-3.60E-04,-4.80E-01,-3.60E-04,1.28,,,,
-3.50E-04,-4.40E-01,-3.50E-04,1.36,,,,
-3.40E-04,-4.40E-01,-3.40E-04,1.28,,,,
-3.30E-04,-4.00E-01,-3.30E-04,1.36,,,,
-3.20E-04,-3.60E-01,-3.20E-04,1.36,,,,
-3.10E-04,-3.60E-01,-3.10E-04,1.36,,,,
-3.00E-04,-3.60E-01,-3.00E-04,1.4399999,,,,
-2.90E-04,-3.20E-01,-2.90E-04,1.4399999,,,,
-2.80E-04,-2.80E-01,-2.80E-04,1.52,,,,
-2.70E-04,-2.80E-01,-2.70E-04,1.52,,,,
-2.60E-04,-2.80E-01,-2.60E-04,1.52,,,,
-2.50E-04,-2.40E-01,-2.50E-04,1.52,,,,
-2.40E-04,-2.40E-01,-2.40E-04,1.5999999,,,,
-2.30E-04,-2.00E-01,-2.30E-04,1.5999999,,,,
-2.20E-04,-1.60E-01,-2.20E-04,1.5999999,,,,
-2.10E-04,-1.60E-01,-2.10E-04,1.6799999,,,,
-2.00E-04,-1.60E-01,-2.00E-04,1.6799999,,,,
-1.90E-04,-1.20E-01,-1.90E-04,1.76,,,,
-1.80E-04,-8.00E-02,-1.80E-04,1.76,,,,
-1.70E-04,-8.00E-02,-1.70E-04,1.76,,,,
-1.60E-04,-8.00E-02,-1.60E-04,1.8399999,,,,
-1.50E-04,-4.00E-02,-1.50E-04,1.76,,,,
-1.40E-04,0,-1.40E-04,1.8399999,,,,
-1.30E-04,0,-1.30E-04,1.8399999,,,,
-1.20E-04,4.00E-02,-1.20E-04,1.92,,,,
-1.10E-04,8.00E-02,-1.10E-04,1.92,,,,
-1.00E-04,4.00E-02,-1.00E-04,1.92,,,,
-9.00E-05,8.00E-02,-9.00E-05,1.92,,,,
-8.00E-05,1.20E-01,-8.00E-05,1.92,,,,
-7.00E-05,1.20E-01,-7.00E-05,2,,,,
-6.00E-05,1.60E-01,-6.00E-05,2,,,,
-5.00E-05,1.60E-01,-5.00E-05,2,,,,
-4.00E-05,1.60E-01,-4.00E-05,2.0799999,,,,
-3.00E-05,2.00E-01,-3.00E-05,2,,,,
-2.00E-05,2.40E-01,-2.00E-05,2.0799999,,,,
-1.00E-05,2.40E-01,-1.00E-05,2.0799999,,,,
4.29E-10,2.80E-01,4.29E-10,2.0799999,,,,
1.00E-05,2.80E-01,1.00E-05,2.1599998,,,,
2.00E-05,3.20E-01,2.00E-05,2.1599998,,,,
3.00E-05,3.20E-01,3.00E-05,2.1599998,,,,
4.00E-05,3.20E-01,4.00E-05,2.1599998,,,,
5.00E-05,3.60E-01,5.00E-05,2.1599998,,,,
6.00E-05,3.60E-01,6.00E-05,2.1599998,,,,
7.00E-05,4.00E-01,7.00E-05,2.24,,,,
8.00E-05,4.40E-01,8.00E-05,2.1599998,,,,
9.00E-05,4.40E-01,9.00E-05,2.24,,,,
1.00E-04,4.80E-01,1.00E-04,2.24,,,,
1.10E-04,4.80E-01,1.10E-04,2.24,,,,
1.20E-04,5.20E-01,1.20E-04,2.24,,,,
1.30E-04,5.20E-01,1.30E-04,2.3199999,,,,
1.40E-04,5.60E-01,1.40E-04,2.3199999,,,,
1.50E-04,5.60E-01,1.50E-04,2.3199999,,,,
1.60E-04,5.60E-01,1.60E-04,2.3999999,,,,
1.70E-04,6.00E-01,1.70E-04,2.3999999,,,,
1.80E-04,6.00E-01,1.80E-04,2.3999999,,,,
1.90E-04,6.00E-01,1.90E-04,2.3999999,,,,
2.00E-04,6.80E-01,2.00E-04,2.3999999,,,,
2.10E-04,6.80E-01,2.10E-04,2.3999999,,,,
2.20E-04,7.20E-01,2.20E-04,2.48,,,,
2.30E-04,7.20E-01,2.30E-04,2.48,,,,
2.40E-04,7.20E-01,2.40E-04,2.3999999,,,,
2.50E-04,7.20E-01,2.50E-04,2.48,,,,
2.60E-04,7.60E-01,2.60E-04,2.48,,,,
2.70E-04,7.60E-01,2.70E-04,2.48,,,,
2.80E-04,8.00E-01,2.80E-04,2.48,,,,
2.90E-04,8.00E-01,2.90E-04,2.48,,,,
3.00E-04,8.40E-01,3.00E-04,2.5599999,,,,
3.10E-04,8.40E-01,3.10E-04,2.48,,,,
3.20E-04,8.40E-01,3.20E-04,2.48,,,,
3.30E-04,8.80E-01,3.30E-04,2.5599999,,,,
3.40E-04,8.80E-01,3.40E-04,2.5599999,,,,
3.50E-04,9.20E-01,3.50E-04,2.5599999,,,,
3.60E-04,9.20E-01,3.60E-04,2.5599999,,,,
3.70E-04,9.60E-01,3.70E-04,2.5599999,,,,
3.80E-04,9.60E-01,3.80E-04,2.48,,,,
3.90E-04,9.60E-01,3.90E-04,2.6399999,,,,
4.00E-04,1,4.00E-04,2.5599999,,,,
4.10E-04,1,4.10E-04,2.5599999,,,,
4.20E-04,1.04,4.20E-04,2.48,,,,
4.30E-04,1.04,4.30E-04,2.5599999,,,,
4.40E-04,1.04,4.40E-04,2.5599999,,,,
4.50E-04,1.04,4.50E-04,2.6399999,,,,
4.60E-04,1.0799999,4.60E-04,2.5599999,,,,
4.70E-04,1.0799999,4.70E-04,2.5599999,,,,
4.80E-04,1.12,4.80E-04,2.5599999,,,,
4.90E-04,1.12,4.90E-04,2.5599999,,,,
5.00E-04,1.16,5.00E-04,2.5599999,,,,
5.10E-04,1.16,5.10E-04,2.5599999,,,,
5.20E-04,1.16,5.20E-04,2.5599999,,,,
5.30E-04,1.1999999,5.30E-04,2.5599999,,,,
5.40E-04,1.1999999,5.40E-04,2.5599999,,,,
5.50E-04,1.1999999,5.50E-04,2.5599999,,,,
5.60E-04,1.24,5.60E-04,2.5599999,,,,
5.70E-04,1.1999999,5.70E-04,2.48,,,,
5.80E-04,1.24,5.80E-04,2.5599999,,,,
5.90E-04,1.24,5.90E-04,2.5599999,,,,
6.00E-04,1.28,6.00E-04,2.48,,,,
6.10E-04,1.28,6.10E-04,2.5599999,,,,
6.20E-04,1.28,6.20E-04,2.5599999,,,,
6.30E-04,1.3199999,6.30E-04,2.48,,,,
6.40E-04,1.28,6.40E-04,2.48,,,,
6.50E-04,1.3199999,6.50E-04,2.48,,,,
6.60E-04,1.36,6.60E-04,2.48,,,,
6.70E-04,1.36,6.70E-04,2.48,,,,
6.80E-04,1.4,6.80E-04,2.48,,,,
6.90E-04,1.36,6.90E-04,2.48,,,,
7.00E-04,1.4,7.00E-04,2.48,,,,
7.10E-04,1.4,7.10E-04,2.48,,,,
7.20E-04,1.4,7.20E-04,2.48,,,,
7.30E-04,1.4,7.30E-04,2.3999999,,,,
7.40E-04,1.4399999,7.40E-04,2.3999999,,,,
7.50E-04,1.4399999,7.50E-04,2.3999999,,,,
7.60E-04,1.4399999,7.60E-04,2.3999999,,,,
7.70E-04,1.4399999,7.70E-04,2.3999999,,,,
7.80E-04,1.48,7.80E-04,2.3999999,,,,
7.90E-04,1.48,7.90E-04,2.3999999,,,,
8.00E-04,1.48,8.00E-04,2.3199999,,,,
8.10E-04,1.52,8.10E-04,2.3199999,,,,
8.20E-04,1.52,8.20E-04,2.24,,,,
8.30E-04,1.52,8.30E-04,2.24,,,,
8.40E-04,1.52,8.40E-04,2.3199999,,,,
8.50E-04,1.5599999,8.50E-04,2.24,,,,
8.60E-04,1.52,8.60E-04,2.3199999,,,,
8.70E-04,1.52,8.70E-04,2.24,,,,
8.80E-04,1.52,8.80E-04,2.24,,,,
8.90E-04,1.5599999,8.90E-04,2.1599998,,,,
9.00E-04,1.5599999,9.00E-04,2.1599998,,,,
9.10E-04,1.5999999,9.10E-04,2.1599998,,,,
9.20E-04,1.5599999,9.20E-04,2.1599998,,,,
9.30E-04,1.5599999,9.30E-04,2.1599998,,,,
9.40E-04,1.5999999,9.40E-04,2.0799999,,,,
9.50E-04,1.5999999,9.50E-04,2.0799999,,,,
9.60E-04,1.5999999,9.60E-04,2.0799999,,,,
9.70E-04,1.5999999,9.70E-04,2.0799999,,,,
9.80E-04,1.5999999,9.80E-04,2.0799999,,,,
9.90E-04,1.5999999,9.90E-04,2,,,,
1.00E-03,1.5999999,1.00E-03,2,,,,
1.01E-03,1.64,1.01E-03,2,,,,
1.02E-03,1.64,1.02E-03,1.92,,,,
1.03E-03,1.5999999,1.03E-03,1.92,,,,
1.04E-03,1.64,1.04E-03,1.92,,,,
1.05E-03,1.64,1.05E-03,1.92,,,,
1.06E-03,1.5999999,1.06E-03,1.92,,,,
1.07E-03,1.64,1.07E-03,1.92,,,,
1.08E-03,1.64,1.08E-03,1.8399999,,,,
1.09E-03,1.64,1.09E-03,1.8399999,,,,
1.10E-03,1.64,1.10E-03,1.8399999,,,,
1.11E-03,1.64,1.11E-03,1.8399999,,,,
1.12E-03,1.5999999,1.12E-03,1.76,,,,
1.13E-03,1.64,1.13E-03,1.76,,,,
1.14E-03,1.64,1.14E-03,1.6799999,,,,
1.15E-03,1.64,1.15E-03,1.6799999,,,,
1.16E-03,1.64,1.16E-03,1.6799999,,,,
1.17E-03,1.64,1.17E-03,1.6799999,,,,
1.18E-03,1.64,1.18E-03,1.5999999,,,,
1.19E-03,1.64,1.19E-03,1.5999999,,,,
1.20E-03,1.64,1.20E-03,1.5999999,,,,
1.21E-03,1.64,1.21E-03,1.52,,,,
1.22E-03,1.64,1.22E-03,1.52,,,,
1.23E-03,1.5999999,1.23E-03,1.52,,,,
1.24E-03,1.64,1.24E-03,1.4399999,,,,
1.25E-03,1.64,1.25E-03,1.4399999,,,,
1.26E-03,1.5999999,1.26E-03,1.4399999,,,,
1.27E-03,1.5999999,1.27E-03,1.36,,,,
1.28E-03,1.64,1.28E-03,1.36,,,,
1.29E-03,1.5999999,1.29E-03,1.36,,,,
1.30E-03,1.5999999,1.30E-03,1.28,,,,
1.31E-03,1.5999999,1.31E-03,1.28,,,,
1.32E-03,1.5999999,1.32E-03,1.28,,,,
1.33E-03,1.5999999,1.33E-03,1.1999999,,,,
1.34E-03,1.5599999,1.34E-03,1.1999999,,,,
1.35E-03,1.5599999,1.35E-03,1.1999999,,,,
1.36E-03,1.5599999,1.36E-03,1.1999999,,,,
1.37E-03,1.5599999,1.37E-03,1.12,,,,
1.38E-03,1.5599999,1.38E-03,1.04,,,,
1.39E-03,1.5599999,1.39E-03,1.04,,,,
1.40E-03,1.5599999,1.40E-03,1.04,,,,
1.41E-03,1.5599999,1.41E-03,9.60E-01,,,,
1.42E-03,1.52,1.42E-03,9.60E-01,,,,
1.43E-03,1.52,1.43E-03,8.80E-01,,,,
1.44E-03,1.5599999,1.44E-03,9.60E-01,,,,
1.45E-03,1.52,1.45E-03,8.80E-01,,,,
1.46E-03,1.52,1.46E-03,8.80E-01,,,,
1.47E-03,1.52,1.47E-03,8.00E-01,,,,
1.48E-03,1.48,1.48E-03,8.00E-01,,,,
1.49E-03,1.48,1.49E-03,8.00E-01,,,,
1.50E-03,1.48,1.50E-03,7.20E-01,,,,
1.51E-03,1.48,1.51E-03,7.20E-01,,,,
1.52E-03,1.4399999,1.52E-03,6.40E-01,,,,
1.53E-03,1.4399999,1.53E-03,6.40E-01,,,,
1.54E-03,1.4399999,1.54E-03,6.40E-01,,,,
1.55E-03,1.4,1.55E-03,5.60E-01,,,,
1.56E-03,1.4,1.56E-03,5.60E-01,,,,
1.57E-03,1.4,1.57E-03,4.80E-01,,,,
1.58E-03,1.4,1.58E-03,4.80E-01,,,,
1.59E-03,1.36,1.59E-03,4.00E-01,,,,
1.60E-03,1.36,1.60E-03,4.00E-01,,,,
1.61E-03,1.36,1.61E-03,4.00E-01,,,,
1.62E-03,1.36,1.62E-03,3.20E-01,,,,
1.63E-03,1.3199999,1.63E-03,3.20E-01,,,,
1.64E-03,1.28,1.64E-03,2.40E-01,,,,
1.65E-03,1.3199999,1.65E-03,2.40E-01,,,,
1.66E-03,1.28,1.66E-03,2.40E-01,,,,
1.67E-03,1.28,1.67E-03,2.40E-01,,,,
1.68E-03,1.28,1.68E-03,1.60E-01,,,,
1.69E-03,1.24,1.69E-03,1.60E-01,,,,
1.70E-03,1.24,1.70E-03,1.60E-01,,,,
1.71E-03,1.1999999,1.71E-03,1.60E-01,,,,
1.72E-03,1.24,1.72E-03,8.00E-02,,,,
1.73E-03,1.1999999,1.73E-03,0,,,,
1.74E-03,1.1999999,1.74E-03,0,,,,
1.75E-03,1.16,1.75E-03,0,,,,
1.76E-03,1.16,1.76E-03,-8.00E-02,,,,
1.77E-03,1.12,1.77E-03,-8.00E-02,,,,
1.78E-03,1.16,1.78E-03,-8.00E-02,,,,
1.79E-03,1.12,1.79E-03,-1.60E-01,,,,
1.80E-03,1.0799999,1.80E-03,-2.40E-01,,,,
1.81E-03,1.0799999,1.81E-03,-1.60E-01,,,,
1.82E-03,1.0799999,1.82E-03,-3.20E-01,,,,
1.83E-03,1.0799999,1.83E-03,-3.20E-01,,,,
1.84E-03,1.04,1.84E-03,-3.20E-01,,,,
1.85E-03,1.04,1.85E-03,-3.20E-01,,,,
1.86E-03,1,1.86E-03,-4.00E-01,,,,
1.87E-03,1,1.87E-03,-4.00E-01,,,,
1.88E-03,1,1.88E-03,-4.80E-01,,,,
1.89E-03,9.60E-01,1.89E-03,-4.80E-01,,,,
1.90E-03,9.60E-01,1.90E-03,-5.60E-01,,,,
1.91E-03,9.20E-01,1.91E-03,-4.80E-01,,,,
1.92E-03,9.20E-01,1.92E-03,-5.60E-01,,,,
1.93E-03,8.80E-01,1.93E-03,-5.60E-01,,,,
1.94E-03,8.80E-01,1.94E-03,-6.40E-01,,,,
1.95E-03,8.80E-01,1.95E-03,-6.40E-01,,,,
1.96E-03,8.80E-01,1.96E-03,-7.20E-01,,,,
1.97E-03,8.40E-01,1.97E-03,-6.40E-01,,,,
1.98E-03,8.40E-01,1.98E-03,-8.00E-01,,,,
1.99E-03,8.00E-01,1.99E-03,-8.00E-01,,,,
2.00E-03,7.60E-01,2.00E-03,-8.80E-01,,,,
2.01E-03,7.60E-01,2.01E-03,-8.80E-01,,,,
2.02E-03,7.60E-01,2.02E-03,-8.80E-01,,,,
2.03E-03,7.20E-01,2.03E-03,-9.60E-01,,,,
2.04E-03,7.20E-01,2.04E-03,-9.60E-01,,,,
2.05E-03,6.80E-01,2.05E-03,-9.60E-01,,,,
2.06E-03,6.80E-01,2.06E-03,-1.04,,,,
2.07E-03,6.40E-01,2.07E-03,-1.04,,,,
2.08E-03,6.40E-01,2.08E-03,-1.04,,,,
2.09E-03,6.40E-01,2.09E-03,-1.04,,,,
2.10E-03,6.00E-01,2.10E-03,-1.12,,,,
2.11E-03,5.60E-01,2.11E-03,-1.12,,,,
2.12E-03,5.60E-01,2.12E-03,-1.1999999,,,,
2.13E-03,5.20E-01,2.13E-03,-1.1999999,,,,
2.14E-03,5.20E-01,2.14E-03,-1.1999999,,,,
2.15E-03,5.20E-01,2.15E-03,-1.28,,,,
2.16E-03,4.80E-01,2.16E-03,-1.36,,,,
2.17E-03,4.80E-01,2.17E-03,-1.28,,,,
2.18E-03,4.80E-01,2.18E-03,-1.28,,,,
2.19E-03,4.40E-01,2.19E-03,-1.36,,,,
2.20E-03,4.00E-01,2.20E-03,-1.4399999,,,,
2.21E-03,4.00E-01,2.21E-03,-1.4399999,,,,
2.22E-03,4.00E-01,2.22E-03,-1.4399999,,,,
2.23E-03,3.60E-01,2.23E-03,-1.4399999,,,,
2.24E-03,3.20E-01,2.24E-03,-1.52,,,,
2.25E-03,2.80E-01,2.25E-03,-1.52,,,,
2.26E-03,3.20E-01,2.26E-03,-1.52,,,,
2.27E-03,2.80E-01,2.27E-03,-1.52,,,,
2.28E-03,2.40E-01,2.28E-03,-1.5999999,,,,
2.29E-03,2.40E-01,2.29E-03,-1.5999999,,,,
2.30E-03,2.00E-01,2.30E-03,-1.5999999,,,,
2.31E-03,2.00E-01,2.31E-03,-1.6799999,,,,
2.32E-03,2.00E-01,2.32E-03,-1.6799999,,,,
2.33E-03,1.60E-01,2.33E-03,-1.6799999,,,,
2.34E-03,1.60E-01,2.34E-03,-1.76,,,,
2.35E-03,1.20E-01,2.35E-03,-1.76,,,,
2.36E-03,8.00E-02,2.36E-03,-1.76,,,,
2.37E-03,1.20E-01,2.37E-03,-1.76,,,,
2.38E-03,4.00E-02,2.38E-03,-1.76,,,,
2.39E-03,4.00E-02,2.39E-03,-1.8399999,,,,
2.40E-03,4.00E-02,2.40E-03,-1.76,,,,
2.41E-03,0,2.41E-03,-1.8399999,,,,
2.42E-03,-4.00E-02,2.42E-03,-1.92,,,,
2.43E-03,-4.00E-02,2.43E-03,-1.92,,,,
2.44E-03,-4.00E-02,2.44E-03,-1.92,,,,
2.45E-03,-8.00E-02,2.45E-03,-1.92,,,,
2.46E-03,-1.20E-01,2.46E-03,-1.92,,,,
2.47E-03,-1.20E-01,2.47E-03,-2,,,,
2.48E-03,-1.60E-01,2.48E-03,-2,,,,
2.49E-03,-1.60E-01,2.49E-03,-2,,,,
2.50E-03,-2.00E-01,2.50E-03,-2.0799999,,,,
2.51E-03,-2.00E-01,2.51E-03,-2.0799999,,,,
2.52E-03,-2.40E-01,2.52E-03,-2.0799999,,,,
2.53E-03,-2.40E-01,2.53E-03,-2.0799999,,,,
2.54E-03,-2.80E-01,2.54E-03,-2.1599998,,,,
2.55E-03,-2.80E-01,2.55E-03,-2.0799999,,,,
2.56E-03,-2.80E-01,2.56E-03,-2.1599998,,,,
2.57E-03,-3.60E-01,2.57E-03,-2.24,,,,
2.58E-03,-3.60E-01,2.58E-03,-2.24,,,,
2.59E-03,-4.00E-01,2.59E-03,-2.24,,,,
2.60E-03,-4.00E-01,2.60E-03,-2.24,,,,
2.61E-03,-4.00E-01,2.61E-03,-2.24,,,,
2.62E-03,-4.40E-01,2.62E-03,-2.24,,,,
2.63E-03,-4.80E-01,2.63E-03,-2.24,,,,
2.64E-03,-4.80E-01,2.64E-03,-2.24,,,,
2.65E-03,-4.80E-01,2.65E-03,-2.3199999,,,,
2.66E-03,-5.20E-01,2.66E-03,-2.24,,,,
2.67E-03,-5.20E-01,2.67E-03,-2.24,,,,
2.68E-03,-5.60E-01,2.68E-03,-2.3199999,,,,
2.69E-03,-5.60E-01,2.69E-03,-2.3199999,,,,
2.70E-03,-6.00E-01,2.70E-03,-2.3199999,,,,
2.71E-03,-6.00E-01,2.71E-03,-2.3199999,,,,
2.72E-03,-6.40E-01,2.72E-03,-2.3999999,,,,
2.73E-03,-6.40E-01,2.73E-03,-2.3999999,,,,
2.74E-03,-6.80E-01,2.74E-03,-2.3999999,,,,
2.75E-03,-7.20E-01,2.75E-03,-2.3199999,,,,
2.76E-03,-7.20E-01,2.76E-03,-2.3999999,,,,
2.77E-03,-7.20E-01,2.77E-03,-2.3999999,,,,
2.78E-03,-7.20E-01,2.78E-03,-2.3999999,,,,
2.79E-03,-7.60E-01,2.79E-03,-2.3999999,,,,
2.80E-03,-7.60E-01,2.80E-03,-2.3999999,,,,
2.81E-03,-8.00E-01,2.81E-03,-2.3999999,,,,
2.82E-03,-7.60E-01,2.82E-03,-2.3999999,,,,
2.83E-03,-8.00E-01,2.83E-03,-2.48,,,,
2.84E-03,-8.40E-01,2.84E-03,-2.3999999,,,,
2.85E-03,-8.40E-01,2.85E-03,-2.3999999,,,,
2.86E-03,-8.40E-01,2.86E-03,-2.3999999,,,,
2.87E-03,-8.80E-01,2.87E-03,-2.3999999,,,,
2.88E-03,-8.80E-01,2.88E-03,-2.48,,,,
2.89E-03,-9.20E-01,2.89E-03,-2.48,,,,
2.90E-03,-9.20E-01,2.90E-03,-2.3999999,,,,
2.91E-03,-9.60E-01,2.91E-03,-2.48,,,,
2.92E-03,-9.60E-01,2.92E-03,-2.3999999,,,,
2.93E-03,-9.60E-01,2.93E-03,-2.48,,,,
2.94E-03,-1,2.94E-03,-2.48,,,,
2.95E-03,-1,2.95E-03,-2.48,,,,
2.96E-03,-1.04,2.96E-03,-2.48,,,,
2.97E-03,-1.04,2.97E-03,-2.48,,,,
2.98E-03,-1.04,2.98E-03,-2.48,,,,
2.99E-03,-1.04,2.99E-03,-2.48,,,,
3.00E-03,-1.0799999,3.00E-03,-2.48,,,,
3.01E-03,-1.12,3.01E-03,-2.48,,,,
3.02E-03,-1.12,3.02E-03,-2.48,,,,
3.03E-03,-1.12,3.03E-03,-2.48,,,,
3.04E-03,-1.16,3.04E-03,-2.48,,,,
3.05E-03,-1.16,3.05E-03,-2.48,,,,
3.06E-03,-1.1999999,3.06E-03,-2.48,,,,
3.07E-03,-1.16,3.07E-03,-2.48,,,,
3.08E-03,-1.1999999,3.08E-03,-2.48,,,,
3.09E-03,-1.24,3.09E-03,-2.3999999,,,,
3.10E-03,-1.1999999,3.10E-03,-2.3999999,,,,
3.11E-03,-1.24,3.11E-03,-2.3999999,,,,
3.12E-03,-1.24,3.12E-03,-2.3999999,,,,
3.13E-03,-1.28,3.13E-03,-2.3999999,,,,
3.14E-03,-1.24,3.14E-03,-2.48,,,,
3.15E-03,-1.28,3.15E-03,-2.3199999,,,,
3.16E-03,-1.3199999,3.16E-03,-2.48,,,,
3.17E-03,-1.3199999,3.17E-03,-2.3999999,,,,
3.18E-03,-1.3199999,3.18E-03,-2.3999999,,,,
3.19E-03,-1.3199999,3.19E-03,-2.3999999,,,,
3.20E-03,-1.3199999,3.20E-03,-2.3999999,,,,
3.21E-03,-1.36,3.21E-03,-2.3999999,,,,
3.22E-03,-1.36,3.22E-03,-2.3199999,,,,
3.23E-03,-1.4,3.23E-03,-2.3199999,,,,
3.24E-03,-1.36,3.24E-03,-2.3199999,,,,
3.25E-03,-1.36,3.25E-03,-2.3199999,,,,
3.26E-03,-1.4,3.26E-03,-2.3199999,,,,
3.27E-03,-1.4399999,3.27E-03,-2.3199999,,,,
3.28E-03,-1.4399999,3.28E-03,-2.24,,,,
3.29E-03,-1.4399999,3.29E-03,-2.3199999,,,,
3.30E-03,-1.4399999,3.30E-03,-2.24,,,,
3.31E-03,-1.4399999,3.31E-03,-2.24,,,,
3.32E-03,-1.4399999,3.32E-03,-2.24,,,,
3.33E-03,-1.48,3.33E-03,-2.24,,,,
3.34E-03,-1.48,3.34E-03,-2.24,,,,
3.35E-03,-1.48,3.35E-03,-2.24,,,,
3.36E-03,-1.48,3.36E-03,-2.24,,,,
3.37E-03,-1.48,3.37E-03,-2.24,,,,
3.38E-03,-1.52,3.38E-03,-2.1599998,,,,
3.39E-03,-1.48,3.39E-03,-2.24,,,,
3.40E-03,-1.52,3.40E-03,-2.1599998,,,,
3.41E-03,-1.52,3.41E-03,-2.1599998,,,,
3.42E-03,-1.52,3.42E-03,-2.0799999,,,,
3.43E-03,-1.52,3.43E-03,-2.0799999,,,,
3.44E-03,-1.52,3.44E-03,-2.0799999,,,,
3.45E-03,-1.5599999,3.45E-03,-2,,,,
3.46E-03,-1.5599999,3.46E-03,-2,,,,
3.47E-03,-1.52,3.47E-03,-2.0799999,,,,
3.48E-03,-1.5599999,3.48E-03,-2,,,,
3.49E-03,-1.52,3.49E-03,-2.0799999,,,,
3.50E-03,-1.5599999,3.50E-03,-2,,,,
3.51E-03,-1.5599999,3.51E-03,-1.92,,,,
3.52E-03,-1.5599999,3.52E-03,-1.92,,,,
3.53E-03,-1.5999999,3.53E-03,-1.8399999,,,,
3.54E-03,-1.5599999,3.54E-03,-1.8399999,,,,
3.55E-03,-1.5599999,3.55E-03,-1.8399999,,,,
3.56E-03,-1.5599999,3.56E-03,-1.8399999,,,,
3.57E-03,-1.5999999,3.57E-03,-1.76,,,,
3.58E-03,-1.5999999,3.58E-03,-1.76,,,,
3.59E-03,-1.5999999,3.59E-03,-1.76,,,,
3.60E-03,-1.5999999,3.60E-03,-1.76,,,,
3.61E-03,-1.5599999,3.61E-03,-1.6799999,,,,
3.62E-03,-1.5599999,3.62E-03,-1.6799999,,,,
3.63E-03,-1.5999999,3.63E-03,-1.5999999,,,,
3.64E-03,-1.5999999,3.64E-03,-1.6799999,,,,
3.65E-03,-1.5999999,3.65E-03,-1.5999999,,,,
3.66E-03,-1.5999999,3.66E-03,-1.5999999,,,,
3.67E-03,-1.5999999,3.67E-03,-1.52,,,,
3.68E-03,-1.5999999,3.68E-03,-1.5999999,,,,
3.69E-03,-1.5999999,3.69E-03,-1.52,,,,
3.70E-03,-1.5999999,3.70E-03,-1.52,,,,
3.71E-03,-1.5999999,3.71E-03,-1.52,,,,
3.72E-03,-1.5599999,3.72E-03,-1.52,,,,
3.73E-03,-1.5599999,3.73E-03,-1.4399999,,,,
3.74E-03,-1.5999999,3.74E-03,-1.4399999,,,,
3.75E-03,-1.5999999,3.75E-03,-1.4399999,,,,
3.76E-03,-1.5599999,3.76E-03,-1.36,,,,
3.77E-03,-1.52,3.77E-03,-1.36,,,,
3.78E-03,-1.5599999,3.78E-03,-1.28,,,,
3.79E-03,-1.5599999,3.79E-03,-1.28,,,,
3.80E-03,-1.5599999,3.80E-03,-1.28,,,,
3.81E-03,-1.52,3.81E-03,-1.1999999,,,,
3.82E-03,-1.52,3.82E-03,-1.1999999,,,,
3.83E-03,-1.52,3.83E-03,-1.12,,,,
3.84E-03,-1.52,3.84E-03,-1.1999999,,,,
3.85E-03,-1.52,3.85E-03,-1.12,,,,
3.86E-03,-1.52,3.86E-03,-1.04,,,,
3.87E-03,-1.52,3.87E-03,-1.04,,,,
3.88E-03,-1.52,3.88E-03,-1.04,,,,
3.89E-03,-1.52,3.89E-03,-1.04,,,,
3.90E-03,-1.52,3.90E-03,-9.60E-01,,,,
3.91E-03,-1.48,3.91E-03,-9.60E-01,,,,
3.92E-03,-1.48,3.92E-03,-9.60E-01,,,,
3.93E-03,-1.48,3.93E-03,-8.80E-01,,,,
3.94E-03,-1.48,3.94E-03,-8.80E-01,,,,
3.95E-03,-1.4399999,3.95E-03,-8.00E-01,,,,
3.96E-03,-1.48,3.96E-03,-8.00E-01,,,,
3.97E-03,-1.4399999,3.97E-03,-8.00E-01,,,,
3.98E-03,-1.4399999,3.98E-03,-8.00E-01,,,,
3.99E-03,-1.4399999,3.99E-03,-6.40E-01,,,,
4.00E-03,-1.4,4.00E-03,-6.40E-01,,,,
4.01E-03,-1.4,4.01E-03,-6.40E-01,,,,
4.02E-03,-1.4,4.02E-03,-6.40E-01,,,,
4.03E-03,-1.4,4.03E-03,-5.60E-01,,,,
4.04E-03,-1.36,4.04E-03,-5.60E-01,,,,
4.05E-03,-1.36,4.05E-03,-5.60E-01,,,,
4.06E-03,-1.36,4.06E-03,-5.60E-01,,,,
4.07E-03,-1.3199999,4.07E-03,-4.80E-01,,,,
4.08E-03,-1.36,4.08E-03,-4.00E-01,,,,
4.09E-03,-1.3199999,4.09E-03,-3.20E-01,,,,
4.10E-03,-1.3199999,4.10E-03,-4.00E-01,,,,
4.11E-03,-1.3199999,4.11E-03,-3.20E-01,,,,
4.12E-03,-1.28,4.12E-03,-3.20E-01,,,,
4.13E-03,-1.24,4.13E-03,-3.20E-01,,,,
4.14E-03,-1.28,4.14E-03,-2.40E-01,,,,
4.15E-03,-1.24,4.15E-03,-2.40E-01,,,,
4.16E-03,-1.24,4.16E-03,-1.60E-01,,,,
4.17E-03,-1.24,4.17E-03,-8.00E-02,,,,
4.18E-03,-1.1999999,4.18E-03,-8.00E-02,,,,
4.19E-03,-1.1999999,4.19E-03,-8.00E-02,,,,
4.20E-03,-1.1999999,4.20E-03,-8.00E-02,,,,
4.21E-03,-1.16,4.21E-03,0,,,,
4.22E-03,-1.16,4.22E-03,0,,,,
4.23E-03,-1.16,4.23E-03,8.00E-02,,,,
4.24E-03,-1.12,4.24E-03,1.60E-01,,,,
4.25E-03,-1.12,4.25E-03,1.60E-01,,,,
4.26E-03,-1.12,4.26E-03,1.60E-01,,,,
4.27E-03,-1.0799999,4.27E-03,2.40E-01,,,,
4.28E-03,-1.04,4.28E-03,1.60E-01,,,,
4.29E-03,-1.0799999,4.29E-03,2.40E-01,,,,
4.30E-03,-1.04,4.30E-03,2.40E-01,,,,
4.31E-03,-1.04,4.31E-03,2.40E-01,,,,
4.32E-03,-1.04,4.32E-03,3.20E-01,,,,
4.33E-03,-1,4.33E-03,3.20E-01,,,,
4.34E-03,-1,4.34E-03,3.20E-01,,,,
4.35E-03,-9.60E-01,4.35E-03,4.00E-01,,,,
4.36E-03,-9.60E-01,4.36E-03,4.80E-01,,,,
4.37E-03,-9.20E-01,4.37E-03,4.80E-01,,,,
4.38E-03,-9.20E-01,4.38E-03,4.80E-01,,,,
4.39E-03,-8.80E-01,4.39E-03,5.60E-01,,,,
4.40E-03,-8.80E-01,4.40E-03,5.60E-01,,,,
4.41E-03,-8.80E-01,4.41E-03,6.40E-01,,,,
4.42E-03,-8.40E-01,4.42E-03,6.40E-01,,,,
4.43E-03,-8.40E-01,4.43E-03,6.40E-01,,,,
4.44E-03,-8.40E-01,4.44E-03,7.20E-01,,,,
4.45E-03,-8.00E-01,4.45E-03,7.20E-01,,,,
4.46E-03,-7.60E-01,4.46E-03,8.00E-01,,,,
4.47E-03,-7.60E-01,4.47E-03,8.00E-01,,,,
4.48E-03,-7.60E-01,4.48E-03,8.00E-01,,,,
4.49E-03,-7.20E-01,4.49E-03,8.00E-01,,,,
4.50E-03,-7.20E-01,4.50E-03,8.80E-01,,,,
4.51E-03,-6.80E-01,4.51E-03,8.80E-01,,,,
4.52E-03,-6.80E-01,4.52E-03,9.60E-01,,,,
4.53E-03,-6.80E-01,4.53E-03,9.60E-01,,,,
4.54E-03,-6.80E-01,4.54E-03,9.60E-01,,,,
4.55E-03,-6.40E-01,4.55E-03,1.04,,,,
4.56E-03,-6.40E-01,4.56E-03,1.04,,,,
4.57E-03,-5.60E-01,4.57E-03,1.04,,,,
4.58E-03,-5.60E-01,4.58E-03,1.04,,,,
4.59E-03,-5.60E-01,4.59E-03,1.12,,,,
4.60E-03,-5.20E-01,4.60E-03,1.12,,,,
4.61E-03,-5.20E-01,4.61E-03,1.1999999,,,,
4.62E-03,-4.80E-01,4.62E-03,1.1999999,,,,
4.63E-03,-4.80E-01,4.63E-03,1.28,,,,
4.64E-03,-4.40E-01,4.64E-03,1.28,,,,
4.65E-03,-4.40E-01,4.65E-03,1.28,,,,
4.66E-03,-4.00E-01,4.66E-03,1.36,,,,
4.67E-03,-4.00E-01,4.67E-03,1.28,,,,
4.68E-03,-4.00E-01,4.68E-03,1.36,,,,
4.69E-03,-3.60E-01,4.69E-03,1.4399999,,,,
4.70E-03,-3.60E-01,4.70E-03,1.4399999,,,,
4.71E-03,-3.20E-01,4.71E-03,1.4399999,,,,
4.72E-03,-2.80E-01,4.72E-03,1.4399999,,,,
4.73E-03,-2.80E-01,4.73E-03,1.52,,,,
4.74E-03,-2.80E-01,4.74E-03,1.52,,,,
4.75E-03,-2.40E-01,4.75E-03,1.52,,,,
4.76E-03,-2.40E-01,4.76E-03,1.5999999,,,,
4.77E-03,-2.00E-01,4.77E-03,1.5999999,,,,
4.78E-03,-2.00E-01,4.78E-03,1.5999999,,,,
4.79E-03,-1.60E-01,4.79E-03,1.5999999,,,,
4.80E-03,-1.60E-01,4.80E-03,1.6799999,,,,
4.81E-03,-1.20E-01,4.81E-03,1.76,,,,
4.82E-03,-8.00E-02,4.82E-03,1.6799999,,,,
4.83E-03,-8.00E-02,4.83E-03,1.8399999,,,,
4.84E-03,-4.00E-02,4.84E-03,1.76,,,,
4.85E-03,-4.00E-02,4.85E-03,1.8399999,,,,
4.86E-03,0,4.86E-03,1.8399999,,,,
4.87E-03,0,4.87E-03,1.8399999,,,,
4.88E-03,4.00E-02,4.88E-03,1.8399999,,,,
4.89E-03,4.00E-02,4.89E-03,1.92,,,,
4.90E-03,8.00E-02,4.90E-03,1.92,,,,
4.91E-03,8.00E-02,4.91E-03,1.92,,,,
4.92E-03,8.00E-02,4.92E-03,2,,,,
4.93E-03,1.20E-01,4.93E-03,2,,,,
4.94E-03,1.20E-01,4.94E-03,2,,,,
4.95E-03,1.20E-01,4.95E-03,2,,,,
4.96E-03,1.60E-01,4.96E-03,2,,,,
4.97E-03,2.00E-01,4.97E-03,2.0799999,,,,
4.98E-03,2.00E-01,4.98E-03,2.0799999,,,,
4.99E-03,2.40E-01,4.99E-03,2.0799999,,,,
5.00E-03,2.40E-01,5.00E-03,2.0799999,,,,
5.01E-03,2.80E-01,5.01E-03,2.0799999,,,,
5.02E-03,2.80E-01,5.02E-03,2.1599998,,,,
5.03E-03,3.20E-01,5.03E-03,2.1599998,,,,
5.04E-03,3.20E-01,5.04E-03,2.1599998,,,,
5.05E-03,3.60E-01,5.05E-03,2.1599998,,,,
5.06E-03,3.60E-01,5.06E-03,2.1599998,,,,
5.07E-03,4.00E-01,5.07E-03,2.24,,,,
5.08E-03,4.40E-01,5.08E-03,2.24,,,,
5.09E-03,4.40E-01,5.09E-03,2.24,,,,
5.10E-03,4.80E-01,5.10E-03,2.24,,,,
5.11E-03,4.80E-01,5.11E-03,2.3199999,,,,
5.12E-03,5.20E-01,5.12E-03,2.24,,,,
5.13E-03,5.20E-01,5.13E-03,2.3199999,,,,
5.14E-03,5.20E-01,5.14E-03,2.24,,,,
5.15E-03,5.60E-01,5.15E-03,2.3199999,,,,
5.16E-03,6.00E-01,5.16E-03,2.3199999,,,,
5.17E-03,5.60E-01,5.17E-03,2.3999999,,,,
5.18E-03,6.00E-01,5.18E-03,2.3999999,,,,
5.19E-03,6.40E-01,5.19E-03,2.3999999,,,,
5.20E-03,6.40E-01,5.20E-03,2.3999999,,,,
5.21E-03,6.40E-01,5.21E-03,2.3999999,,,,
5.22E-03,6.80E-01,5.22E-03,2.3999999,,,,
5.23E-03,7.20E-01,5.23E-03,2.48,,,,
5.24E-03,7.20E-01,5.24E-03,2.48,,,,
5.25E-03,7.20E-01,5.25E-03,2.48,,,,
5.26E-03,7.60E-01,5.26E-03,2.48,,,,
5.27E-03,7.60E-01,5.27E-03,2.48,,,,
5.28E-03,8.00E-01,5.28E-03,2.48,,,,
5.29E-03,8.00E-01,5.29E-03,2.48,,,,
5.30E-03,8.40E-01,5.30E-03,2.48,,,,
5.31E-03,8.40E-01,5.31E-03,2.5599999,,,,
5.32E-03,8.80E-01,5.32E-03,2.5599999,,,,
5.33E-03,8.80E-01,5.33E-03,2.48,,,,
5.34E-03,8.80E-01,5.34E-03,2.5599999,,,,
5.35E-03,8.80E-01,5.35E-03,2.5599999,,,,
5.36E-03,9.20E-01,5.36E-03,2.5599999,,,,
5.37E-03,9.20E-01,5.37E-03,2.5599999,,,,
5.38E-03,9.60E-01,5.38E-03,2.5599999,,,,
5.39E-03,9.60E-01,5.39E-03,2.5599999,,,,
5.40E-03,1,5.40E-03,2.5599999,,,,
5.41E-03,1,5.41E-03,2.5599999,,,,
5.42E-03,1,5.42E-03,2.5599999,,,,
5.43E-03,1.04,5.43E-03,2.5599999,,,,
5.44E-03,1.04,5.44E-03,2.5599999,,,,
5.45E-03,1.04,5.45E-03,2.5599999,,,,
5.46E-03,1.04,5.46E-03,2.5599999,,,,
5.47E-03,1.0799999,5.47E-03,2.5599999,,,,
5.48E-03,1.12,5.48E-03,2.5599999,,,,
5.49E-03,1.12,5.49E-03,2.5599999,,,,
5.50E-03,1.12,5.50E-03,2.5599999,,,,
5.51E-03,1.16,5.51E-03,2.48,,,,
5.52E-03,1.16,5.52E-03,2.5599999,,,,
5.53E-03,1.1999999,5.53E-03,2.48,,,,
5.54E-03,1.1999999,5.54E-03,2.5599999,,,,
5.55E-03,1.1999999,5.55E-03,2.5599999,,,,
5.56E-03,1.24,5.56E-03,2.5599999,,,,
5.57E-03,1.24,5.57E-03,2.5599999,,,,
5.58E-03,1.24,5.58E-03,2.5599999,,,,
5.59E-03,1.24,5.59E-03,2.48,,,,
5.60E-03,1.28,5.60E-03,2.5599999,,,,
5.61E-03,1.24,5.61E-03,2.5599999,,,,
5.62E-03,1.28,5.62E-03,2.48,,,,
5.63E-03,1.28,5.63E-03,2.5599999,,,,
5.64E-03,1.3199999,5.64E-03,2.48,,,,
5.65E-03,1.3199999,5.65E-03,2.48,,,,
5.66E-03,1.36,5.66E-03,2.48,,,,
5.67E-03,1.3199999,5.67E-03,2.48,,,,
5.68E-03,1.36,5.68E-03,2.48,,,,
5.69E-03,1.36,5.69E-03,2.48,,,,
5.70E-03,1.4,5.70E-03,2.48,,,,
5.71E-03,1.4,5.71E-03,2.3999999,,,,
5.72E-03,1.4,5.72E-03,2.48,,,,
5.73E-03,1.4399999,5.73E-03,2.3999999,,,,
5.74E-03,1.4399999,5.74E-03,2.3999999,,,,
5.75E-03,1.4399999,5.75E-03,2.3999999,,,,
5.76E-03,1.4399999,5.76E-03,2.3999999,,,,
5.77E-03,1.48,5.77E-03,2.3999999,,,,
5.78E-03,1.48,5.78E-03,2.3199999,,,,
5.79E-03,1.48,5.79E-03,2.3199999,,,,
5.80E-03,1.48,5.80E-03,2.3999999,,,,
5.81E-03,1.48,5.81E-03,2.3199999,,,,
5.82E-03,1.52,5.82E-03,2.3199999,,,,
5.83E-03,1.52,5.83E-03,2.24,,,,
5.84E-03,1.52,5.84E-03,2.24,,,,
5.85E-03,1.52,5.85E-03,2.24,,,,
5.86E-03,1.52,5.86E-03,2.24,,,,
5.87E-03,1.52,5.87E-03,2.24,,,,
5.88E-03,1.52,5.88E-03,2.24,,,,
5.89E-03,1.5599999,5.89E-03,2.24,,,,
5.90E-03,1.5599999,5.90E-03,2.1599998,,,,
5.91E-03,1.5599999,5.91E-03,2.1599998,,,,
5.92E-03,1.5599999,5.92E-03,2.1599998,,,,
5.93E-03,1.5999999,5.93E-03,2.1599998,,,,
5.94E-03,1.5599999,5.94E-03,2.0799999,,,,
5.95E-03,1.5599999,5.95E-03,2.1599998,,,,
5.96E-03,1.5999999,5.96E-03,2.0799999,,,,
5.97E-03,1.5599999,5.97E-03,2,,,,
5.98E-03,1.5999999,5.98E-03,2.0799999,,,,
5.99E-03,1.5999999,5.99E-03,2,,,,
6.00E-03,1.5999999,6.00E-03,2,,,,
6.01E-03,1.5999999,6.01E-03,2,,,,
6.02E-03,1.5999999,6.02E-03,2,,,,
6.03E-03,1.64,6.03E-03,2,,,,
6.04E-03,1.64,6.04E-03,1.92,,,,
6.05E-03,1.64,6.05E-03,1.92,,,,
6.06E-03,1.5999999,6.06E-03,1.8399999,,,,
6.07E-03,1.5999999,6.07E-03,1.92,,,,
6.08E-03,1.64,6.08E-03,1.8399999,,,,
6.09E-03,1.64,6.09E-03,1.92,,,,
6.10E-03,1.64,6.10E-03,1.8399999,,,,
6.11E-03,1.64,6.11E-03,1.76,,,,
6.12E-03,1.64,6.12E-03,1.76,,,,
6.13E-03,1.64,6.13E-03,1.6799999,,,,
6.14E-03,1.64,6.14E-03,1.6799999,,,,
6.15E-03,1.64,6.15E-03,1.6799999,,,,
6.16E-03,1.64,6.16E-03,1.5999999,,,,
6.17E-03,1.64,6.17E-03,1.5999999,,,,
6.18E-03,1.64,6.18E-03,1.5999999,,,,
6.19E-03,1.5999999,6.19E-03,1.5999999,,,,
6.20E-03,1.64,6.20E-03,1.5999999,,,,
6.21E-03,1.64,6.21E-03,1.52,,,,
6.22E-03,1.64,6.22E-03,1.52,,,,
6.23E-03,1.64,6.23E-03,1.52,,,,
6.24E-03,1.64,6.24E-03,1.4399999,,,,
6.25E-03,1.64,6.25E-03,1.4399999,,,,
6.26E-03,1.5999999,6.26E-03,1.36,,,,
6.27E-03,1.5999999,6.27E-03,1.36,,,,
6.28E-03,1.5999999,6.28E-03,1.36,,,,
6.29E-03,1.5999999,6.29E-03,1.28,,,,
6.30E-03,1.5999999,6.30E-03,1.28,,,,
6.31E-03,1.5999999,6.31E-03,1.28,,,,
6.32E-03,1.5999999,6.32E-03,1.28,,,,
6.33E-03,1.5999999,6.33E-03,1.28,,,,
6.34E-03,1.5599999,6.34E-03,1.1999999,,,,
6.35E-03,1.5599999,6.35E-03,1.12,,,,
6.36E-03,1.5599999,6.36E-03,1.12,,,,
6.37E-03,1.5999999,6.37E-03,1.12,,,,
6.38E-03,1.5599999,6.38E-03,1.04,,,,
6.39E-03,1.52,6.39E-03,1.04,,,,
6.40E-03,1.5599999,6.40E-03,1.04,,,,
6.41E-03,1.52,6.41E-03,1.04,,,,
6.42E-03,1.52,6.42E-03,9.60E-01,,,,
6.43E-03,1.52,6.43E-03,9.60E-01,,,,
6.44E-03,1.52,6.44E-03,8.80E-01,,,,
6.45E-03,1.52,6.45E-03,8.80E-01,,,,
6.46E-03,1.48,6.46E-03,8.80E-01,,,,
6.47E-03,1.48,6.47E-03,8.00E-01,,,,
6.48E-03,1.48,6.48E-03,8.00E-01,,,,
6.49E-03,1.48,6.49E-03,7.20E-01,,,,
6.50E-03,1.48,6.50E-03,7.20E-01,,,,
6.51E-03,1.48,6.51E-03,7.20E-01,,,,
6.52E-03,1.4399999,6.52E-03,6.40E-01,,,,
6.53E-03,1.4399999,6.53E-03,6.40E-01,,,,
6.54E-03,1.4,6.54E-03,6.40E-01,,,,
6.55E-03,1.4,6.55E-03,5.60E-01,,,,
6.56E-03,1.4399999,6.56E-03,5.60E-01,,,,
6.57E-03,1.4,6.57E-03,5.60E-01,,,,
6.58E-03,1.4,6.58E-03,4.80E-01,,,,
6.59E-03,1.36,6.59E-03,4.00E-01,,,,
6.60E-03,1.36,6.60E-03,4.00E-01,,,,
6.61E-03,1.36,6.61E-03,4.00E-01,,,,
6.62E-03,1.3199999,6.62E-03,3.20E-01,,,,
6.63E-03,1.3199999,6.63E-03,3.20E-01,,,,
6.64E-03,1.28,6.64E-03,3.20E-01,,,,
6.65E-03,1.3199999,6.65E-03,2.40E-01,,,,
6.66E-03,1.28,6.66E-03,2.40E-01,,,,
6.67E-03,1.28,6.67E-03,2.40E-01,,,,
6.68E-03,1.24,6.68E-03,1.60E-01,,,,
6.69E-03,1.28,6.69E-03,1.60E-01,,,,
6.70E-03,1.24,6.70E-03,1.60E-01,,,,
6.71E-03,1.24,6.71E-03,8.00E-02,,,,
6.72E-03,1.1999999,6.72E-03,8.00E-02,,,,
6.73E-03,1.1999999,6.73E-03,0,,,,
6.74E-03,1.1999999,6.74E-03,0,,,,
6.75E-03,1.16,6.75E-03,-8.00E-02,,,,
6.76E-03,1.16,6.76E-03,-8.00E-02,,,,
6.77E-03,1.16,6.77E-03,-8.00E-02,,,,
6.78E-03,1.12,6.78E-03,-8.00E-02,,,,
6.79E-03,1.12,6.79E-03,-1.60E-01,,,,
6.80E-03,1.0799999,6.80E-03,-2.40E-01,,,,
6.81E-03,1.0799999,6.81E-03,-2.40E-01,,,,
6.82E-03,1.0799999,6.82E-03,-2.40E-01,,,,
6.83E-03,1.0799999,6.83E-03,-2.40E-01,,,,
6.84E-03,1.04,6.84E-03,-3.20E-01,,,,
6.85E-03,1.04,6.85E-03,-4.00E-01,,,,
6.86E-03,1.04,6.86E-03,-4.00E-01,,,,
6.87E-03,1,6.87E-03,-4.00E-01,,,,
6.88E-03,9.60E-01,6.88E-03,-4.80E-01,,,,
6.89E-03,9.60E-01,6.89E-03,-4.80E-01,,,,
6.90E-03,9.60E-01,6.90E-03,-5.60E-01,,,,
6.91E-03,9.20E-01,6.91E-03,-5.60E-01,,,,
6.92E-03,9.20E-01,6.92E-03,-5.60E-01,,,,
6.93E-03,8.80E-01,6.93E-03,-6.40E-01,,,,
6.94E-03,8.80E-01,6.94E-03,-6.40E-01,,,,
6.95E-03,8.80E-01,6.95E-03,-6.40E-01,,,,
6.96E-03,8.80E-01,6.96E-03,-6.40E-01,,,,
6.97E-03,8.40E-01,6.97E-03,-7.20E-01,,,,
6.98E-03,8.00E-01,6.98E-03,-8.00E-01,,,,
6.99E-03,8.00E-01,6.99E-03,-8.00E-01,,,,
7.00E-03,7.60E-01,7.00E-03,-8.80E-01,,,,
7.01E-03,7.60E-01,7.01E-03,-8.80E-01,,,,
7.02E-03,7.60E-01,7.02E-03,-8.80E-01,,,,
7.03E-03,7.20E-01,7.03E-03,-8.80E-01,,,,
7.04E-03,7.20E-01,7.04E-03,-9.60E-01,,,,
7.05E-03,6.80E-01,7.05E-03,-9.60E-01,,,,
7.06E-03,6.80E-01,7.06E-03,-1.04,,,,
7.07E-03,6.40E-01,7.07E-03,-1.04,,,,
7.08E-03,6.40E-01,7.08E-03,-1.04,,,,
7.09E-03,6.40E-01,7.09E-03,-1.12,,,,
7.10E-03,6.00E-01,7.10E-03,-1.12,,,,
7.11E-03,5.60E-01,7.11E-03,-1.12,,,,
7.12E-03,5.60E-01,7.12E-03,-1.12,,,,
7.13E-03,5.20E-01,7.13E-03,-1.1999999,,,,
7.14E-03,5.20E-01,7.14E-03,-1.1999999,,,,
7.15E-03,5.20E-01,7.15E-03,-1.28,,,,
7.16E-03,4.80E-01,7.16E-03,-1.28,,,,
7.17E-03,4.80E-01,7.17E-03,-1.28,,,,
7.18E-03,4.80E-01,7.18E-03,-1.36,,,,
7.19E-03,4.40E-01,7.19E-03,-1.36,,,,
7.20E-03,4.40E-01,7.20E-03,-1.4399999,,,,
7.21E-03,4.00E-01,7.21E-03,-1.4399999,,,,
7.22E-03,3.60E-01,7.22E-03,-1.4399999,,,,
7.23E-03,3.60E-01,7.23E-03,-1.52,,,,
7.24E-03,3.20E-01,7.24E-03,-1.52,,,,
7.25E-03,2.80E-01,7.25E-03,-1.52,,,,
7.26E-03,2.80E-01,7.26E-03,-1.52,,,,
7.27E-03,2.80E-01,7.27E-03,-1.5999999,,,,
7.28E-03,2.40E-01,7.28E-03,-1.5999999,,,,
7.29E-03,2.40E-01,7.29E-03,-1.5999999,,,,
7.30E-03,2.00E-01,7.30E-03,-1.6799999,,,,
7.31E-03,2.00E-01,7.31E-03,-1.6799999,,,,
7.32E-03,1.60E-01,7.32E-03,-1.6799999,,,,
7.33E-03,1.60E-01,7.33E-03,-1.6799999,,,,
7.34E-03,1.20E-01,7.34E-03,-1.76,,,,
7.35E-03,1.20E-01,7.35E-03,-1.76,,,,
7.36E-03,1.20E-01,7.36E-03,-1.76,,,,
7.37E-03,8.00E-02,7.37E-03,-1.8399999,,,,
7.38E-03,8.00E-02,7.38E-03,-1.8399999,,,,
7.39E-03,4.00E-02,7.39E-03,-1.8399999,,,,
7.40E-03,4.00E-02,7.40E-03,-1.92,,,,
7.41E-03,4.00E-02,7.41E-03,-1.8399999,,,,
7.42E-03,-4.00E-02,7.42E-03,-1.8399999,,,,
7.43E-03,-4.00E-02,7.43E-03,-1.8399999,,,,
7.44E-03,-4.00E-02,7.44E-03,-1.92,,,,
7.45E-03,-8.00E-02,7.45E-03,-1.92,,,,
7.46E-03,-1.20E-01,7.46E-03,-2,,,,
7.47E-03,-1.20E-01,7.47E-03,-1.92,,,,
7.48E-03,-1.60E-01,7.48E-03,-2,,,,
7.49E-03,-1.60E-01,7.49E-03,-2,,,,
7.50E-03,-1.60E-01,7.50E-03,-2.0799999,,,,
7.51E-03,-2.40E-01,7.51E-03,-2.0799999,,,,
7.52E-03,-2.40E-01,7.52E-03,-2.0799999,,,,
7.53E-03,-2.80E-01,7.53E-03,-2.0799999,,,,
7.54E-03,-2.80E-01,7.54E-03,-2.1599998,,,,
7.55E-03,-2.80E-01,7.55E-03,-2.1599998,,,,
7.56E-03,-3.20E-01,7.56E-03,-2.24,,,,
7.57E-03,-3.60E-01,7.57E-03,-2.24,,,,
7.58E-03,-3.60E-01,7.58E-03,-2.24,,,,
7.59E-03,-4.00E-01,7.59E-03,-2.24,,,,
7.60E-03,-4.00E-01,7.60E-03,-2.24,,,,
7.61E-03,-4.00E-01,7.61E-03,-2.3199999,,,,
7.62E-03,-4.40E-01,7.62E-03,-2.24,,,,
7.63E-03,-4.40E-01,7.63E-03,-2.24,,,,
7.64E-03,-4.40E-01,7.64E-03,-2.24,,,,
7.65E-03,-4.80E-01,7.65E-03,-2.24,,,,
7.66E-03,-5.20E-01,7.66E-03,-2.24,,,,
7.67E-03,-5.20E-01,7.67E-03,-2.3199999,,,,
7.68E-03,-5.60E-01,7.68E-03,-2.3199999,,,,
7.69E-03,-5.60E-01,7.69E-03,-2.3199999,,,,
7.70E-03,-5.60E-01,7.70E-03,-2.3199999,,,,
7.71E-03,-6.40E-01,7.71E-03,-2.3199999,,,,
7.72E-03,-6.40E-01,7.72E-03,-2.3199999,,,,
7.73E-03,-6.40E-01,7.73E-03,-2.3999999,,,,
7.74E-03,-6.80E-01,7.74E-03,-2.3199999,,,,
7.75E-03,-6.80E-01,7.75E-03,-2.3999999,,,,
7.76E-03,-6.80E-01,7.76E-03,-2.3999999,,,,
7.77E-03,-7.20E-01,7.77E-03,-2.3999999,,,,
7.78E-03,-7.60E-01,7.78E-03,-2.3999999,,,,
7.79E-03,-7.20E-01,7.79E-03,-2.3999999,,,,
7.80E-03,-7.60E-01,7.80E-03,-2.3999999,,,,
7.81E-03,-7.60E-01,7.81E-03,-2.3999999,,,,
7.82E-03,-8.00E-01,7.82E-03,-2.3999999,,,,
7.83E-03,-8.00E-01,7.83E-03,-2.3999999,,,,
7.84E-03,-8.40E-01,7.84E-03,-2.3999999,,,,
7.85E-03,-8.40E-01,7.85E-03,-2.48,,,,
7.86E-03,-8.40E-01,7.86E-03,-2.48,,,,
7.87E-03,-8.80E-01,7.87E-03,-2.3999999,,,,
7.88E-03,-8.80E-01,7.88E-03,-2.48,,,,
7.89E-03,-9.20E-01,7.89E-03,-2.48,,,,
7.90E-03,-9.60E-01,7.90E-03,-2.48,,,,
7.91E-03,-9.20E-01,7.91E-03,-2.48,,,,
7.92E-03,-9.60E-01,7.92E-03,-2.48,,,,
7.93E-03,-9.60E-01,7.93E-03,-2.48,,,,
7.94E-03,-1,7.94E-03,-2.3999999,,,,
7.95E-03,-1,7.95E-03,-2.48,,,,
7.96E-03,-1,7.96E-03,-2.48,,,,
7.97E-03,-1.04,7.97E-03,-2.48,,,,
7.98E-03,-1.0799999,7.98E-03,-2.48,,,,
7.99E-03,-1.04,7.99E-03,-2.48,,,,
8.00E-03,-1.12,8.00E-03,-2.3999999,,,,
8.01E-03,-1.12,8.01E-03,-2.48,,,,
8.02E-03,-1.12,8.02E-03,-2.48,,,,
8.03E-03,-1.12,8.03E-03,-2.3999999,,,,
8.04E-03,-1.12,8.04E-03,-2.48,,,,
8.05E-03,-1.16,8.05E-03,-2.3999999,,,,
8.06E-03,-1.16,8.06E-03,-2.48,,,,
8.07E-03,-1.1999999,8.07E-03,-2.3999999,,,,
8.08E-03,-1.1999999,8.08E-03,-2.48,,,,
8.09E-03,-1.1999999,8.09E-03,-2.48,,,,
8.10E-03,-1.1999999,8.10E-03,-2.48,,,,
8.11E-03,-1.24,8.11E-03,-2.48,,,,
8.12E-03,-1.24,8.12E-03,-2.3999999,,,,
8.13E-03,-1.28,8.13E-03,-2.3999999,,,,
8.14E-03,-1.28,8.14E-03,-2.3999999,,,,
8.15E-03,-1.28,8.15E-03,-2.3999999,,,,
8.16E-03,-1.28,8.16E-03,-2.3999999,,,,
8.17E-03,-1.28,8.17E-03,-2.3999999,,,,
8.18E-03,-1.3199999,8.18E-03,-2.3999999,,,,
8.19E-03,-1.3199999,8.19E-03,-2.3999999,,,,
8.20E-03,-1.3199999,8.20E-03,-2.3999999,,,,
8.21E-03,-1.36,8.21E-03,-2.3199999,,,,
8.22E-03,-1.36,8.22E-03,-2.3199999,,,,
8.23E-03,-1.36,8.23E-03,-2.3199999,,,,
8.24E-03,-1.4,8.24E-03,-2.3199999,,,,
8.25E-03,-1.36,8.25E-03,-2.3199999,,,,
8.26E-03,-1.4,8.26E-03,-2.3199999,,,,
8.27E-03,-1.4,8.27E-03,-2.3199999,,,,
8.28E-03,-1.4399999,8.28E-03,-2.24,,,,
8.29E-03,-1.4,8.29E-03,-2.3199999,,,,
8.30E-03,-1.4399999,8.30E-03,-2.24,,,,
8.31E-03,-1.4399999,8.31E-03,-2.3199999,,,,
8.32E-03,-1.4399999,8.32E-03,-2.24,,,,
8.33E-03,-1.48,8.33E-03,-2.24,,,,
8.34E-03,-1.48,8.34E-03,-2.24,,,,
8.35E-03,-1.48,8.35E-03,-2.24,,,,
8.36E-03,-1.48,8.36E-03,-2.1599998,,,,
8.37E-03,-1.52,8.37E-03,-2.1599998,,,,
8.38E-03,-1.52,8.38E-03,-2.1599998,,,,
8.39E-03,-1.52,8.39E-03,-2.24,,,,
8.40E-03,-1.52,8.40E-03,-2.1599998,,,,
8.41E-03,-1.52,8.41E-03,-2.1599998,,,,
8.42E-03,-1.52,8.42E-03,-2.1599998,,,,
8.43E-03,-1.52,8.43E-03,-2.0799999,,,,
8.44E-03,-1.52,8.44E-03,-2.0799999,,,,
8.45E-03,-1.52,8.45E-03,-2.0799999,,,,
8.46E-03,-1.52,8.46E-03,-2.0799999,,,,
8.47E-03,-1.52,8.47E-03,-2,,,,
8.48E-03,-1.5599999,8.48E-03,-2,,,,
8.49E-03,-1.5599999,8.49E-03,-2,,,,
8.50E-03,-1.5599999,8.50E-03,-1.92,,,,
8.51E-03,-1.5599999,8.51E-03,-2,,,,
8.52E-03,-1.5999999,8.52E-03,-2,,,,
8.53E-03,-1.5999999,8.53E-03,-1.92,,,,
8.54E-03,-1.5999999,8.54E-03,-1.8399999,,,,
8.55E-03,-1.5599999,8.55E-03,-1.8399999,,,,
8.56E-03,-1.5599999,8.56E-03,-1.8399999,,,,
8.57E-03,-1.5999999,8.57E-03,-1.76,,,,
8.58E-03,-1.5999999,8.58E-03,-1.8399999,,,,
8.59E-03,-1.5599999,8.59E-03,-1.76,,,,
8.60E-03,-1.5599999,8.60E-03,-1.76,,,,
8.61E-03,-1.5999999,8.61E-03,-1.76,,,,
8.62E-03,-1.5599999,8.62E-03,-1.6799999,,,,
8.63E-03,-1.5999999,8.63E-03,-1.6799999,,,,
8.64E-03,-1.5599999,8.64E-03,-1.6799999,,,,
8.65E-03,-1.5599999,8.65E-03,-1.5999999,,,,
8.66E-03,-1.5999999,8.66E-03,-1.5999999,,,,
8.67E-03,-1.5999999,8.67E-03,-1.5999999,,,,
8.68E-03,-1.5999999,8.68E-03,-1.5999999,,,,
8.69E-03,-1.5599999,8.69E-03,-1.5999999,,,,
8.70E-03,-1.5599999,8.70E-03,-1.52,,,,
8.71E-03,-1.5999999,8.71E-03,-1.52,,,,
8.72E-03,-1.5599999,8.72E-03,-1.4399999,,,,
8.73E-03,-1.5999999,8.73E-03,-1.4399999,,,,
8.74E-03,-1.5999999,8.74E-03,-1.4399999,,,,
8.75E-03,-1.5999999,8.75E-03,-1.4399999,,,,
8.76E-03,-1.5999999,8.76E-03,-1.36,,,,
8.77E-03,-1.5599999,8.77E-03,-1.36,,,,
8.78E-03,-1.5599999,8.78E-03,-1.28,,,,
8.79E-03,-1.52,8.79E-03,-1.28,,,,
8.80E-03,-1.5599999,8.80E-03,-1.28,,,,
8.81E-03,-1.5599999,8.81E-03,-1.1999999,,,,
8.82E-03,-1.5599999,8.82E-03,-1.1999999,,,,
8.83E-03,-1.52,8.83E-03,-1.1999999,,,,
8.84E-03,-1.52,8.84E-03,-1.12,,,,
8.85E-03,-1.52,8.85E-03,-1.04,,,,
8.86E-03,-1.52,8.86E-03,-1.04,,,,
8.87E-03,-1.52,8.87E-03,-1.04,,,,
8.88E-03,-1.52,8.88E-03,-1.04,,,,
8.89E-03,-1.52,8.89E-03,-9.60E-01,,,,
8.90E-03,-1.48,8.90E-03,-9.60E-01,,,,
8.91E-03,-1.48,8.91E-03,-9.60E-01,,,,
8.92E-03,-1.48,8.92E-03,-9.60E-01,,,,
8.93E-03,-1.48,8.93E-03,-8.80E-01,,,,
8.94E-03,-1.4399999,8.94E-03,-8.80E-01,,,,
8.95E-03,-1.48,8.95E-03,-8.00E-01,,,,
8.96E-03,-1.4399999,8.96E-03,-8.00E-01,,,,
8.97E-03,-1.4399999,8.97E-03,-8.00E-01,,,,
8.98E-03,-1.4399999,8.98E-03,-7.20E-01,,,,
8.99E-03,-1.4399999,8.99E-03,-7.20E-01,,,,
9.00E-03,-1.4,9.00E-03,-6.40E-01,,,,
9.01E-03,-1.4399999,9.01E-03,-6.40E-01,,,,
9.02E-03,-1.4,9.02E-03,-5.60E-01,,,,
9.03E-03,-1.4,9.03E-03,-5.60E-01,,,,
9.04E-03,-1.36,9.04E-03,-5.60E-01,,,,
9.05E-03,-1.36,9.05E-03,-5.60E-01,,,,
9.06E-03,-1.36,9.06E-03,-4.80E-01,,,,
9.07E-03,-1.36,9.07E-03,-4.80E-01,,,,
9.08E-03,-1.3199999,9.08E-03,-4.00E-01,,,,
9.09E-03,-1.3199999,9.09E-03,-4.00E-01,,,,
9.10E-03,-1.3199999,9.10E-03,-4.00E-01,,,,
9.11E-03,-1.3199999,9.11E-03,-3.20E-01,,,,
9.12E-03,-1.28,9.12E-03,-2.40E-01,,,,
9.13E-03,-1.28,9.13E-03,-2.40E-01,,,,
9.14E-03,-1.28,9.14E-03,-2.40E-01,,,,
9.15E-03,-1.24,9.15E-03,-1.60E-01,,,,
9.16E-03,-1.24,9.16E-03,-2.40E-01,,,,
9.17E-03,-1.24,9.17E-03,-1.60E-01,,,,
9.18E-03,-1.24,9.18E-03,-8.00E-02,,,,
9.19E-03,-1.24,9.19E-03,-8.00E-02,,,,
9.20E-03,-1.1999999,9.20E-03,0,,,,
9.21E-03,-1.1999999,9.21E-03,0,,,,
9.22E-03,-1.1999999,9.22E-03,0,,,,
9.23E-03,-1.16,9.23E-03,8.00E-02,,,,
9.24E-03,-1.12,9.24E-03,1.60E-01,,,,
9.25E-03,-1.12,9.25E-03,8.00E-02,,,,
9.26E-03,-1.12,9.26E-03,1.60E-01,,,,
9.27E-03,-1.12,9.27E-03,1.60E-01,,,,
9.28E-03,-1.0799999,9.28E-03,2.40E-01,,,,
9.29E-03,-1.0799999,9.29E-03,2.40E-01,,,,
9.30E-03,-1.04,9.30E-03,2.40E-01,,,,
9.31E-03,-1.04,9.31E-03,2.40E-01,,,,
9.32E-03,-1,9.32E-03,3.20E-01,,,,
9.33E-03,-1,9.33E-03,4.00E-01,,,,
9.34E-03,-1,9.34E-03,4.00E-01,,,,
9.35E-03,-9.60E-01,9.35E-03,4.00E-01,,,,
9.36E-03,-9.60E-01,9.36E-03,4.80E-01,,,,
9.37E-03,-9.60E-01,9.37E-03,4.80E-01,,,,
9.38E-03,-9.20E-01,9.38E-03,5.60E-01,,,,
9.39E-03,-9.20E-01,9.39E-03,5.60E-01,,,,
9.40E-03,-8.80E-01,9.40E-03,5.60E-01,,,,
9.41E-03,-8.80E-01,9.41E-03,5.60E-01,,,,
9.42E-03,-8.40E-01,9.42E-03,6.40E-01,,,,
9.43E-03,-8.00E-01,9.43E-03,7.20E-01,,,,
9.44E-03,-8.40E-01,9.44E-03,7.20E-01,,,,
9.45E-03,-8.00E-01,9.45E-03,7.20E-01,,,,
9.46E-03,-7.60E-01,9.46E-03,8.00E-01,,,,
9.47E-03,-8.00E-01,9.47E-03,8.00E-01,,,,
9.48E-03,-7.20E-01,9.48E-03,8.00E-01,,,,
9.49E-03,-7.20E-01,9.49E-03,8.00E-01,,,,
9.50E-03,-7.20E-01,9.50E-03,8.80E-01,,,,
9.51E-03,-6.80E-01,9.51E-03,9.60E-01,,,,
9.52E-03,-7.20E-01,9.52E-03,9.60E-01,,,,
9.53E-03,-6.80E-01,9.53E-03,9.60E-01,,,,
9.54E-03,-6.80E-01,9.54E-03,9.60E-01,,,,
9.55E-03,-6.40E-01,9.55E-03,1.04,,,,
9.56E-03,-6.40E-01,9.56E-03,1.04,,,,
9.57E-03,-5.60E-01,9.57E-03,1.12,,,,
9.58E-03,-5.60E-01,9.58E-03,1.12,,,,
9.59E-03,-5.60E-01,9.59E-03,1.12,,,,
9.60E-03,-5.20E-01,9.60E-03,1.1999999,,,,
9.61E-03,-5.20E-01,9.61E-03,1.1999999,,,,
9.62E-03,-5.20E-01,9.62E-03,1.1999999,,,,
9.63E-03,-4.80E-01,9.63E-03,1.28,,,,
9.64E-03,-4.40E-01,9.64E-03,1.1999999,,,,
9.65E-03,-4.40E-01,9.65E-03,1.28,,,,
9.66E-03,-4.40E-01,9.66E-03,1.36,,,,
9.67E-03,-4.00E-01,9.67E-03,1.36,,,,
9.68E-03,-4.00E-01,9.68E-03,1.4399999,,,,
9.69E-03,-3.60E-01,9.69E-03,1.4399999,,,,
9.70E-03,-3.20E-01,9.70E-03,1.36,,,,
9.71E-03,-3.20E-01,9.71E-03,1.4399999,,,,
9.72E-03,-3.20E-01,9.72E-03,1.52,,,,
9.73E-03,-2.40E-01,9.73E-03,1.52,,,,
9.74E-03,-2.40E-01,9.74E-03,1.52,,,,
9.75E-03,-2.40E-01,9.75E-03,1.52,,,,
9.76E-03,-2.40E-01,9.76E-03,1.5999999,,,,
9.77E-03,-2.00E-01,9.77E-03,1.6799999,,,,
9.78E-03,-2.00E-01,9.78E-03,1.5999999,,,,
9.79E-03,-1.60E-01,9.79E-03,1.6799999,,,,
9.80E-03,-1.60E-01,9.80E-03,1.76,,,,
9.81E-03,-1.60E-01,9.81E-03,1.76,,,,
9.82E-03,-1.20E-01,9.82E-03,1.76,,,,
9.83E-03,-8.00E-02,9.83E-03,1.76,,,,
9.84E-03,-4.00E-02,9.84E-03,1.76,,,,
9.85E-03,-4.00E-02,9.85E-03,1.8399999,,,,
9.86E-03,0,9.86E-03,1.8399999,,,,
9.87E-03,0,9.87E-03,1.92,,,,
9.88E-03,0,9.88E-03,1.92,,,,
9.89E-03,4.00E-02,9.89E-03,1.92,,,,
9.90E-03,8.00E-02,9.90E-03,1.92,,,,
9.91E-03,8.00E-02,9.91E-03,1.92,,,,
9.92E-03,1.20E-01,9.92E-03,1.92,,,,
9.93E-03,1.20E-01,9.93E-03,2,,,,
9.94E-03,1.60E-01,9.94E-03,2,,,,
9.95E-03,1.60E-01,9.95E-03,2,,,,
9.96E-03,1.60E-01,9.96E-03,2.0799999,,,,
9.97E-03,2.00E-01,9.97E-03,2.0799999,,,,
9.98E-03,2.00E-01,9.98E-03,2.0799999,,,,
9.99E-03,2.40E-01,9.99E-03,2.0799999,,,,
1.00E-02,2.40E-01,1.00E-02,2.0799999,,,,
1.00E-02,2.80E-01,1.00E-02,2.0799999,,,,
1.00E-02,3.20E-01,1.00E-02,2.1599998,,,,
1.00E-02,3.20E-01,1.00E-02,2.1599998,,,,
1.00E-02,3.20E-01,1.00E-02,2.24,,,,
1.01E-02,3.60E-01,1.01E-02,2.1599998,,,,
1.01E-02,4.00E-01,1.01E-02,2.24,,,,
1.01E-02,4.00E-01,1.01E-02,2.24,,,,
1.01E-02,4.40E-01,1.01E-02,2.24,,,,
1.01E-02,4.40E-01,1.01E-02,2.24,,,,
1.01E-02,4.80E-01,1.01E-02,2.24,,,,
1.01E-02,4.80E-01,1.01E-02,2.24,,,,
1.01E-02,5.20E-01,1.01E-02,2.3999999,,,,
1.01E-02,5.20E-01,1.01E-02,2.24,,,,
1.01E-02,5.60E-01,1.01E-02,2.3199999,,,,
1.02E-02,5.60E-01,1.02E-02,2.3199999,,,,
1.02E-02,5.60E-01,1.02E-02,2.3199999,,,,
1.02E-02,5.60E-01,1.02E-02,2.3199999,,,,
1.02E-02,6.00E-01,1.02E-02,2.3999999,,,,
1.02E-02,6.40E-01,1.02E-02,2.3999999,,,,
1.02E-02,6.40E-01,1.02E-02,2.3999999,,,,
1.02E-02,6.40E-01,1.02E-02,2.3999999,,,,
1.02E-02,6.80E-01,1.02E-02,2.48,,,,
1.02E-02,6.80E-01,1.02E-02,2.3999999,,,,
1.02E-02,7.20E-01,1.02E-02,2.48,,,,
1.03E-02,7.20E-01,1.03E-02,2.3999999,,,,
1.03E-02,7.20E-01,1.03E-02,2.48,,,,
1.03E-02,7.60E-01,1.03E-02,2.48,,,,
1.03E-02,8.00E-01,1.03E-02,2.48,,,,
1.03E-02,8.00E-01,1.03E-02,2.48,,,,
1.03E-02,8.40E-01,1.03E-02,2.48,,,,
1.03E-02,8.80E-01,1.03E-02,2.5599999,,,,
1.03E-02,8.80E-01,1.03E-02,2.5599999,,,,
1.03E-02,8.80E-01,1.03E-02,2.48,,,,
1.03E-02,8.80E-01,1.03E-02,2.48,,,,
1.04E-02,8.80E-01,1.04E-02,2.5599999,,,,
1.04E-02,9.20E-01,1.04E-02,2.5599999,,,,
1.04E-02,9.20E-01,1.04E-02,2.5599999,,,,
1.04E-02,9.60E-01,1.04E-02,2.5599999,,,,
1.04E-02,9.60E-01,1.04E-02,2.5599999,,,,
1.04E-02,1,1.04E-02,2.5599999,,,,
1.04E-02,1,1.04E-02,2.5599999,,,,
1.04E-02,1.04,1.04E-02,2.5599999,,,,
1.04E-02,1,1.04E-02,2.5599999,,,,
1.04E-02,1.04,1.04E-02,2.5599999,,,,
1.04E-02,1.04,1.04E-02,2.5599999,,,,
1.05E-02,1.0799999,1.05E-02,2.5599999,,,,
1.05E-02,1.0799999,1.05E-02,2.5599999,,,,
1.05E-02,1.12,1.05E-02,2.5599999,,,,
1.05E-02,1.12,1.05E-02,2.5599999,,,,
1.05E-02,1.12,1.05E-02,2.5599999,,,,
1.05E-02,1.16,1.05E-02,2.5599999,,,,
1.05E-02,1.16,1.05E-02,2.5599999,,,,
1.05E-02,1.1999999,1.05E-02,2.5599999,,,,
1.05E-02,1.1999999,1.05E-02,2.5599999,,,,
1.05E-02,1.24,1.05E-02,2.48,,,,
1.06E-02,1.24,1.06E-02,2.48,,,,
1.06E-02,1.24,1.06E-02,2.48,,,,
1.06E-02,1.24,1.06E-02,2.48,,,,
1.06E-02,1.24,1.06E-02,2.5599999,,,,
1.06E-02,1.24,1.06E-02,2.48,,,,
1.06E-02,1.28,1.06E-02,2.5599999,,,,
1.06E-02,1.28,1.06E-02,2.5599999,,,,
1.06E-02,1.3199999,1.06E-02,2.5599999,,,,
1.06E-02,1.28,1.06E-02,2.48,,,,
1.07E-02,1.3199999,1.07E-02,2.48,,,,
1.07E-02,1.36,1.07E-02,2.48,,,,
1.07E-02,1.36,1.07E-02,2.48,,,,
1.07E-02,1.36,1.07E-02,2.48,,,,
1.07E-02,1.4,1.07E-02,2.48,,,,
1.07E-02,1.36,1.07E-02,2.48,,,,
1.07E-02,1.4,1.07E-02,2.48,,,,
1.07E-02,1.4,1.07E-02,2.3999999,,,,
1.07E-02,1.4,1.07E-02,2.3999999,,,,
1.07E-02,1.4399999,1.07E-02,2.3999999,,,,
1.08E-02,1.4399999,1.08E-02,2.3999999,,,,
1.08E-02,1.4399999,1.08E-02,2.3999999,,,,
1.08E-02,1.48,1.08E-02,2.3999999,,,,
1.08E-02,1.48,1.08E-02,2.3199999,,,,
1.08E-02,1.48,1.08E-02,2.3999999,,,,
1.08E-02,1.48,1.08E-02,2.3999999,,,,
1.08E-02,1.48,1.08E-02,2.3199999,,,,
1.08E-02,1.52,1.08E-02,2.3199999,,,,
1.08E-02,1.52,1.08E-02,2.3199999,,,,
1.08E-02,1.52,1.08E-02,2.3199999,,,,
1.09E-02,1.52,1.09E-02,2.24,,,,
1.09E-02,1.5599999,1.09E-02,2.24,,,,
1.09E-02,1.5599999,1.09E-02,2.24,,,,
1.09E-02,1.5599999,1.09E-02,2.24,,,,
1.09E-02,1.5599999,1.09E-02,2.24,,,,
1.09E-02,1.5599999,1.09E-02,2.1599998,,,,
1.09E-02,1.5599999,1.09E-02,2.1599998,,,,
1.09E-02,1.5599999,1.09E-02,2.1599998,,,,
1.09E-02,1.5999999,1.09E-02,2.0799999,,,,
1.09E-02,1.5599999,1.09E-02,2.0799999,,,,
1.10E-02,1.5999999,1.10E-02,2.0799999,,,,
1.10E-02,1.5999999,1.10E-02,2.0799999,,,,
1.10E-02,1.5999999,1.10E-02,2,,,,
1.10E-02,1.5999999,1.10E-02,2,,,,
1.10E-02,1.5999999,1.10E-02,2,,,,
1.10E-02,1.5999999,1.10E-02,2,,,,
1.10E-02,1.5999999,1.10E-02,2,,,,
1.10E-02,1.5999999,1.10E-02,1.92,,,,
1.10E-02,1.5999999,1.10E-02,1.92,,,,
1.10E-02,1.64,1.10E-02,1.92,,,,
1.10E-02,1.5999999,1.10E-02,1.92,,,,
1.11E-02,1.64,1.11E-02,1.92,,,,
1.11E-02,1.64,1.11E-02,1.92,,,,
1.11E-02,1.64,1.11E-02,1.92,,,,
1.11E-02,1.64,1.11E-02,1.8399999,,,,
1.11E-02,1.64,1.11E-02,1.76,,,,
1.11E-02,1.64,1.11E-02,1.76,,,,
1.11E-02,1.64,1.11E-02,1.8399999,,,,
1.11E-02,1.64,1.11E-02,1.76,,,,
1.11E-02,1.64,1.11E-02,1.6799999,,,,
1.11E-02,1.5999999,1.11E-02,1.76,,,,
1.12E-02,1.64,1.12E-02,1.5999999,,,,
1.12E-02,1.64,1.12E-02,1.5999999,,,,
1.12E-02,1.64,1.12E-02,1.5999999,,,,
1.12E-02,1.64,1.12E-02,1.52,,,,
1.12E-02,1.64,1.12E-02,1.5999999,,,,
1.12E-02,1.64,1.12E-02,1.52,,,,
1.12E-02,1.64,1.12E-02,1.52,,,,
1.12E-02,1.5999999,1.12E-02,1.52,,,,
1.12E-02,1.5999999,1.12E-02,1.4399999,,,,
1.13E-02,1.5999999,1.13E-02,1.4399999,,,,
1.13E-02,1.5999999,1.13E-02,1.4399999,,,,
1.13E-02,1.5999999,1.13E-02,1.36,,,,
1.13E-02,1.64,1.13E-02,1.36,,,,
1.13E-02,1.64,1.13E-02,1.36,,,,
1.13E-02,1.5999999,1.13E-02,1.28,,,,
1.13E-02,1.5999999,1.13E-02,1.28,,,,
1.13E-02,1.5999999,1.13E-02,1.1999999,,,,
1.13E-02,1.5999999,1.13E-02,1.28,,,,
1.13E-02,1.5599999,1.13E-02,1.1999999,,,,
1.14E-02,1.5599999,1.14E-02,1.1999999,,,,
1.14E-02,1.5599999,1.14E-02,1.12,,,,
1.14E-02,1.5599999,1.14E-02,1.04,,,,
1.14E-02,1.5599999,1.14E-02,1.12,,,,
1.14E-02,1.5599999,1.14E-02,1.04,,,,
1.14E-02,1.5599999,1.14E-02,9.60E-01,,,,
1.14E-02,1.52,1.14E-02,9.60E-01,,,,
1.14E-02,1.5599999,1.14E-02,9.60E-01,,,,
1.14E-02,1.52,1.14E-02,9.60E-01,,,,
1.14E-02,1.52,1.14E-02,8.80E-01,,,,
1.15E-02,1.48,1.15E-02,8.80E-01,,,,
1.15E-02,1.52,1.15E-02,8.80E-01,,,,
1.15E-02,1.52,1.15E-02,8.80E-01,,,,
1.15E-02,1.48,1.15E-02,8.00E-01,,,,
1.15E-02,1.48,1.15E-02,7.20E-01,,,,
1.15E-02,1.48,1.15E-02,7.20E-01,,,,
1.15E-02,1.48,1.15E-02,7.20E-01,,,,
1.15E-02,1.4399999,1.15E-02,6.40E-01,,,,
1.15E-02,1.4399999,1.15E-02,6.40E-01,,,,
1.15E-02,1.4399999,1.15E-02,5.60E-01,,,,
1.15E-02,1.4,1.15E-02,6.40E-01,,,,
1.16E-02,1.4399999,1.16E-02,5.60E-01,,,,
1.16E-02,1.4,1.16E-02,5.60E-01,,,,
1.16E-02,1.4,1.16E-02,4.80E-01,,,,
1.16E-02,1.36,1.16E-02,4.80E-01,,,,
1.16E-02,1.36,1.16E-02,4.00E-01,,,,
1.16E-02,1.36,1.16E-02,4.00E-01,,,,
1.16E-02,1.3199999,1.16E-02,4.00E-01,,,,
1.16E-02,1.3199999,1.16E-02,3.20E-01,,,,
1.16E-02,1.36,1.16E-02,2.40E-01,,,,
1.16E-02,1.28,1.16E-02,2.40E-01,,,,
1.17E-02,1.28,1.17E-02,2.40E-01,,,,
1.17E-02,1.28,1.17E-02,2.40E-01,,,,
1.17E-02,1.24,1.17E-02,2.40E-01,,,,
1.17E-02,1.28,1.17E-02,1.60E-01,,,,
1.17E-02,1.24,1.17E-02,8.00E-02,,,,
1.17E-02,1.24,1.17E-02,8.00E-02,,,,
1.17E-02,1.24,1.17E-02,8.00E-02,,,,
1.17E-02,1.1999999,1.17E-02,8.00E-02,,,,
1.17E-02,1.1999999,1.17E-02,0,,,,
1.18E-02,1.16,1.18E-02,-8.00E-02,,,,
1.18E-02,1.16,1.18E-02,-8.00E-02,,,,
1.18E-02,1.16,1.18E-02,-8.00E-02,,,,
1.18E-02,1.16,1.18E-02,-1.60E-01,,,,
1.18E-02,1.12,1.18E-02,-2.40E-01,,,,
1.18E-02,1.12,1.18E-02,-2.40E-01,,,,
1.18E-02,1.0799999,1.18E-02,-2.40E-01,,,,
1.18E-02,1.0799999,1.18E-02,-2.40E-01,,,,
1.18E-02,1.0799999,1.18E-02,-3.20E-01,,,,
1.18E-02,1.0799999,1.18E-02,-3.20E-01,,,,
1.19E-02,1,1.19E-02,-3.20E-01,,,,
1.19E-02,1,1.19E-02,-4.00E-01,,,,
1.19E-02,1,1.19E-02,-4.00E-01,,,,
1.19E-02,1,1.19E-02,-4.00E-01,,,,
1.19E-02,9.60E-01,1.19E-02,-4.80E-01,,,,
1.19E-02,9.20E-01,1.19E-02,-4.80E-01,,,,
1.19E-02,9.60E-01,1.19E-02,-5.60E-01,,,,
1.19E-02,9.20E-01,1.19E-02,-5.60E-01,,,,
1.19E-02,8.80E-01,1.19E-02,-6.40E-01,,,,
1.19E-02,8.80E-01,1.19E-02,-6.40E-01,,,,
1.20E-02,8.80E-01,1.20E-02,-6.40E-01,,,,
1.20E-02,8.80E-01,1.20E-02,-7.20E-01,,,,
1.20E-02,8.40E-01,1.20E-02,-7.20E-01,,,,
1.20E-02,8.40E-01,1.20E-02,-7.20E-01,,,,
1.20E-02,8.00E-01,1.20E-02,-8.00E-01,,,,
1.20E-02,7.60E-01,1.20E-02,-8.80E-01,,,,
1.20E-02,7.60E-01,1.20E-02,-8.00E-01,,,,
1.20E-02,7.20E-01,1.20E-02,-8.80E-01,,,,
1.20E-02,7.20E-01,1.20E-02,-8.80E-01,,,,
1.20E-02,7.20E-01,1.20E-02,-9.60E-01,,,,
1.21E-02,6.80E-01,1.21E-02,-9.60E-01,,,,
1.21E-02,6.80E-01,1.21E-02,-1.04,,,,
1.21E-02,6.40E-01,1.21E-02,-1.04,,,,
1.21E-02,6.40E-01,1.21E-02,-1.12,,,,
1.21E-02,6.00E-01,1.21E-02,-1.04,,,,
1.21E-02,6.00E-01,1.21E-02,-1.12,,,,
1.21E-02,6.00E-01,1.21E-02,-1.12,,,,
1.21E-02,5.60E-01,1.21E-02,-1.1999999,,,,
1.21E-02,5.60E-01,1.21E-02,-1.1999999,,,,
1.21E-02,5.20E-01,1.21E-02,-1.28,,,,
1.21E-02,5.20E-01,1.21E-02,-1.28,,,,
1.22E-02,5.20E-01,1.22E-02,-1.28,,,,
1.22E-02,4.80E-01,1.22E-02,-1.28,,,,
1.22E-02,4.80E-01,1.22E-02,-1.28,,,,
1.22E-02,4.40E-01,1.22E-02,-1.36,,,,
1.22E-02,4.00E-01,1.22E-02,-1.4399999,,,,
1.22E-02,4.00E-01,1.22E-02,-1.4399999,,,,
1.22E-02,4.00E-01,1.22E-02,-1.52,,,,
1.22E-02,3.60E-01,1.22E-02,-1.4399999,,,,
1.22E-02,3.60E-01,1.22E-02,-1.52,,,,
1.22E-02,3.20E-01,1.22E-02,-1.52,,,,
1.23E-02,2.80E-01,1.23E-02,-1.52,,,,
1.23E-02,2.80E-01,1.23E-02,-1.52,,,,
1.23E-02,2.40E-01,1.23E-02,-1.5999999,,,,
1.23E-02,2.40E-01,1.23E-02,-1.5999999,,,,
1.23E-02,2.00E-01,1.23E-02,-1.6799999,,,,
1.23E-02,2.00E-01,1.23E-02,-1.6799999,,,,
1.23E-02,1.60E-01,1.23E-02,-1.6799999,,,,
1.23E-02,1.60E-01,1.23E-02,-1.6799999,,,,
1.23E-02,1.20E-01,1.23E-02,-1.76,,,,
1.24E-02,1.20E-01,1.24E-02,-1.76,,,,
1.24E-02,8.00E-02,1.24E-02,-1.76,,,,
1.24E-02,8.00E-02,1.24E-02,-1.76,,,,
1.24E-02,4.00E-02,1.24E-02,-1.8399999,,,,
1.24E-02,4.00E-02,1.24E-02,-1.8399999,,,,
1.24E-02,4.00E-02,1.24E-02,-1.8399999,,,,
1.24E-02,0,1.24E-02,-1.8399999,,,,
1.24E-02,-4.00E-02,1.24E-02,-1.8399999,,,,
1.24E-02,-4.00E-02,1.24E-02,-1.92,,,,
1.24E-02,-8.00E-02,1.24E-02,-1.92,,,,
1.25E-02,-8.00E-02,1.25E-02,-1.92,,,,
1.25E-02,-1.20E-01,1.25E-02,-1.92,,,,
1.25E-02,-1.20E-01,1.25E-02,-2,,,,
1.25E-02,-1.60E-01,1.25E-02,-2,,,,
1.25E-02,-2.00E-01,1.25E-02,-2.0799999,,,,
