Record Length,2500,Points,-1.9000001E-3,0.0,
Sample Interval,9.999999747E-6,s,-1.8900002E-3,-79.999998212E-3,
Trigger Point,190.00001965,Samples,-1.8800001E-3,0.0,
,,,-1.8700002E-3,0.0,
,,,-1.8600002E-3,0.0,
,,,-1.8500001E-3,0.0,
Source,CH1,,-1.8400002E-3,0.0,
Vertical Units,Volts,,-1.8300002E-3,0.0,
Vertical Scale,2.0000000,,-1.8200001E-3,79.999998212E-3,
Vertical Offset,0,,-1.8100002E-3,79.999998212E-3,
Horizontal Units,s,,-1.8000002E-3,0.0,
Horizontal Scale,2.4999999E-3,,-1.7900001E-3,79.999998212E-3,
Pt Fmt,Y,,-1.7800002E-3,0.0,
Yzero,0.0,,-1.7700002E-3,79.999998212E-3,
Probe Atten,1.000000,,-1.7600001E-3,0.0,
,,,-1.7500002E-3,0.0,
Note,TBS 1102B-EDU - 14:30:48   7/03/2024,,-1.7400002E-3,0.0,
,,,-1.7300001E-3,0.0,
,,,-1.7200002E-3,0.0,
,,,-1.7100001E-3,0.0,
,,,-1.7000001E-3,0.0,
,,,-1.6900002E-3,0.0,
,,,-1.6800001E-3,0.0,
,,,-1.6700001E-3,0.0,
,,,-1.6600002E-3,0.0,
,,,-1.6500001E-3,0.0,
,,,-1.6400001E-3,0.0,
,,,-1.6300002E-3,0.0,
,,,-1.6200001E-3,0.0,
,,,-1.6100002E-3,0.0,
,,,-1.6000002E-3,0.0,
,,,-1.5900001E-3,0.0,
,,,-1.5800002E-3,79.999998212E-3,
,,,-1.5700002E-3,0.0,
,,,-1.5600001E-3,0.0,
,,,-1.5500002E-3,0.0,
,,,-1.5400002E-3,-79.999998212E-3,
,,,-1.5300001E-3,0.0,
,,,-1.5200002E-3,0.0,
,,,-1.5100002E-3,0.0,
,,,-1.5000001E-3,0.0,
,,,-1.4900002E-3,0.0,
,,,-1.4800002E-3,0.0,
,,,-1.4700001E-3,79.999998212E-3,
,,,-1.4600002E-3,0.0,
,,,-1.4500002E-3,79.999998212E-3,
,,,-1.4400001E-3,0.0,
,,,-1.4300002E-3,79.999998212E-3,
,,,-1.4200001E-3,79.999998212E-3,
,,,-1.4100001E-3,0.0,
,,,-1.4000002E-3,0.0,
,,,-1.3900001E-3,0.0,
,,,-1.3800001E-3,0.0,
,,,-1.3700002E-3,0.0,
,,,-1.3600001E-3,0.0,
,,,-1.3500002E-3,0.0,
,,,-1.3400002E-3,0.0,
,,,-1.3300001E-3,0.0,
,,,-1.3200002E-3,0.0,
,,,-1.3100002E-3,0.0,
,,,-1.3000001E-3,0.0,
,,,-1.2900002E-3,0.0,
,,,-1.2800002E-3,0.0,
,,,-1.2700001E-3,0.0,
,,,-1.2600002E-3,0.0,
,,,-1.2500002E-3,79.999998212E-3,
,,,-1.2400001E-3,0.0,
,,,-1.2300002E-3,0.0,
,,,-1.2200002E-3,0.0,
,,,-1.2100001E-3,79.999998212E-3,
,,,-1.2000002E-3,79.999998212E-3,
,,,-1.1900002E-3,0.0,
,,,-1.1800001E-3,0.0,
,,,-1.1700002E-3,0.0,
,,,-1.1600002E-3,0.0,
,,,-1.1500001E-3,0.0,
,,,-1.1400002E-3,0.0,
,,,-1.1300002E-3,0.0,
,,,-1.1200001E-3,0.0,
,,,-1.1100002E-3,0.0,
,,,-1.1000002E-3,79.999998212E-3,
,,,-1.0900002E-3,0.0,
,,,-1.0800002E-3,0.0,
,,,-1.0700001E-3,0.0,
,,,-1.0600002E-3,0.0,
,,,-1.0500002E-3,0.0,
,,,-1.0400001E-3,0.0,
,,,-1.0300002E-3,0.0,
,,,-1.0200002E-3,79.999998212E-3,
,,,-1.0100001E-3,79.999998212E-3,
,,,-1.0000002E-3,0.0,
,,,-990.000204183E-6,0.0,
,,,-980.000128038E-6,0.0,
,,,-970.000168309E-6,0.0,
,,,-960.000150371E-6,0.0,
,,,-950.000190642E-6,79.999998212E-3,
,,,-940.000172704E-6,0.0,
,,,-930.000154767E-6,0.0,
,,,-920.000195038E-6,0.0,
,,,-910.000177100E-6,0.0,
,,,-900.000159163E-6,0.0,
,,,-890.000199433E-6,0.0,
,,,-880.000181496E-6,79.999998212E-3,
,,,-870.000163559E-6,0.0,
,,,-860.000145622E-6,0.0,
,,,-850.000185892E-6,79.999998212E-3,
,,,-840.000167955E-6,79.999998212E-3,
,,,-830.000150017E-6,159.99999642E-3,
,,,-820.000190288E-6,239.99999464E-3,
,,,-810.000172351E-6,319.99999285E-3,
,,,-800.000154413E-6,319.99999285E-3,
,,,-790.000194684E-6,399.99997616E-3,
,,,-780.000176746E-6,479.999989271E-3,
,,,-770.000158809E-6,560.000002384E-3,
,,,-760.000199080E-6,639.999985695E-3,
,,,-750.000181142E-6,719.999969006E-3,
,,,-740.000163205E-6,719.999969006E-3,
,,,-730.000203475E-6,799.999952316E-3,
,,,-720.000185538E-6,799.999952316E-3,
,,,-710.000167601E-6,879.999995232E-3,
,,,-700.000207871E-6,959.999978542E-3,
,,,-690.000189934E-6,1.0400000,
,,,-680.000171997E-6,1.0400000,
,,,-670.000154059E-6,1.1200000,
,,,-660.000194330E-6,1.1200000,
,,,-650.000176392E-6,1.1200000,
,,,-640.000158455E-6,1.1999999,
,,,-630.000198726E-6,1.2800000,
,,,-620.000180788E-6,1.2800000,
,,,-610.000162851E-6,1.3600000,
,,,-600.000203121E-6,1.4399999,
,,,-590.000185184E-6,1.5200000,
,,,-580.000167247E-6,1.5200000,
,,,-570.000207517E-6,1.5999999,
,,,-560.000189580E-6,1.5999999,
,,,-550.000171643E-6,1.6799999,
,,,-540.000153705E-6,1.6799999,
,,,-530.000193976E-6,1.7600000,
,,,-520.000176039E-6,1.7600000,
,,,-510.000158101E-6,1.7600000,
,,,-500.000198372E-6,1.9200000,
,,,-490.000180434E-6,1.9200000,
,,,-480.000191601E-6,2.0000000,
,,,-470.000173664E-6,2.0000000,
,,,-460.000184830E-6,2.0000000,
,,,-450.000195997E-6,2.0000000,
,,,-440.000178060E-6,2.0799999,
,,,-430.000189226E-6,2.1599998,
,,,-420.000171289E-6,2.1599998,
,,,-410.000182455E-6,2.1599998,
,,,-400.00019362E-6,2.2400000,
,,,-390.00017568E-6,2.2400000,
,,,-380.00018685E-6,2.2400000,
,,,-370.00019802E-6,2.3199999,
,,,-360.00018008E-6,2.3999999,
,,,-350.00019125E-6,2.3999999,
,,,-340.00020241E-6,2.3999999,
,,,-330.00018448E-6,2.3999999,
,,,-320.00019564E-6,2.4800000,
,,,-310.00017771E-6,2.4800000,
,,,-300.00018887E-6,2.5599999,
,,,-290.00020004E-6,2.6399999,
,,,-280.00018210E-6,2.6399999,
,,,-270.00019327E-6,2.72000003,
,,,-260.00017533E-6,2.6399999,
,,,-250.00018650E-6,2.72000003,
,,,-240.00019766E-6,2.72000003,
,,,-230.00019428E-6,2.79999995,
,,,-220.00019089E-6,2.87999988,
,,,-210.00018751E-6,2.79999995,
,,,-200.00018412E-6,2.87999988,
,,,-190.00019529E-6,2.87999988,
,,,-180.00019190E-6,2.87999988,
,,,-170.00018852E-6,2.96000004,
,,,-160.00019968E-6,2.96000004,
,,,-150.00019630E-6,2.96000004,
,,,-140.0001929E-6,3.03999996,
,,,-130.0001895E-6,3.03999996,
,,,-120.0001934E-6,3.03999996,
,,,-110.0001973E-6,3.03999996,
,,,-100.0001939E-6,3.11999989,
,,,-90.000190539E-6,3.11999989,
,,,-80.000194430E-6,3.11999989,
,,,-70.000198320E-6,3.11999989,
,,,-60.000194935E-6,3.19999981,
,,,-50.00019519E-6,3.27999997,
,,,-40.00019544E-6,3.27999997,
,,,-30.00019569E-6,3.27999997,
,,,-20.0001959E-6,3.27999997,
,,,-10.0001962E-6,3.27999997,
,,,-196.45085478E-12,3.35999990,
,,,9.999803297E-6,3.35999990,
,,,19.9998030E-6,3.43999982,
,,,29.99980279E-6,3.43999982,
,,,39.99980254E-6,3.43999982,
,,,49.99980229E-6,3.43999982,
,,,59.999802033E-6,3.43999982,
,,,69.999805419E-6,3.51999998,
,,,79.999801528E-6,3.43999982,
,,,89.999797638E-6,3.51999998,
,,,99.999801023E-6,3.51999998,
,,,109.9998044E-6,3.51999998,
,,,119.9998005E-6,3.59999990,
,,,129.9997966E-6,3.59999990,
,,,139.9998000E-6,3.59999990,
,,,149.99980340E-6,3.59999990,
,,,159.99979223E-6,3.59999990,
,,,169.99979562E-6,3.67999983,
,,,179.99979900E-6,3.67999983,
,,,189.99980239E-6,3.67999983,
,,,199.99980577E-6,3.67999983,
,,,209.99979461E-6,3.75999999,
,,,219.99979799E-6,3.67999983,
,,,229.99980138E-6,3.75999999,
,,,239.99979021E-6,3.75999999,
,,,249.99980815E-6,3.75999999,
,,,259.99979698E-6,3.83999991,
,,,269.99978581E-6,3.83999991,
,,,279.99980375E-6,3.91999984,
,,,289.99979259E-6,3.91999984,
,,,299.99978142E-6,3.91999984,
,,,309.99979936E-6,3.83999991,
,,,319.99978819E-6,3.91999984,
,,,329.99980613E-6,3.91999984,
,,,339.99979496E-6,4.00000000,
,,,349.99978379E-6,3.91999984,
,,,359.99980173E-6,3.91999984,
,,,369.99979056E-6,4.00000000,
,,,379.99980850E-6,3.91999984,
,,,389.99979733E-6,4.07999992,
,,,399.99978617E-6,4.00000000,
,,,409.999804106E-6,4.00000000,
,,,419.999792939E-6,4.07999992,
,,,429.999781772E-6,4.00000000,
,,,439.999799710E-6,4.07999992,
,,,449.999788543E-6,4.07999992,
,,,459.999777377E-6,4.07999992,
,,,469.999795314E-6,4.15999985,
,,,479.999784147E-6,4.15999985,
,,,489.999772981E-6,4.15999985,
,,,499.999790918E-6,4.15999985,
,,,509.999808855E-6,4.15999985,
,,,519.999768585E-6,4.15999985,
,,,529.999786522E-6,4.15999985,
,,,539.999804460E-6,4.23999977,
,,,549.999764189E-6,4.23999977,
,,,559.999782126E-6,4.23999977,
,,,569.999800064E-6,4.23999977,
,,,579.999759793E-6,4.23999977,
,,,589.999777731E-6,4.31999969,
,,,599.999795668E-6,4.23999977,
,,,609.999813605E-6,4.23999977,
,,,619.999773335E-6,4.31999969,
,,,629.999791272E-6,4.23999977,
,,,639.999809209E-6,4.31999969,
,,,649.999768939E-6,4.31999969,
,,,659.999786876E-6,4.31999969,
,,,669.999804813E-6,4.31999969,
,,,679.999764543E-6,4.31999969,
,,,689.999782480E-6,4.31999969,
,,,699.999800418E-6,4.31999969,
,,,709.999760147E-6,4.31999969,
,,,719.999778084E-6,4.31999969,
,,,729.999796022E-6,4.31999969,
,,,739.999813959E-6,4.40000010,
,,,749.999773689E-6,4.40000010,
,,,759.999791626E-6,4.31999969,
,,,769.999809563E-6,4.40000010,
,,,779.999769293E-6,4.40000010,
,,,789.999787230E-6,4.40000010,
,,,799.999805167E-6,4.48000002,
,,,809.999764897E-6,4.40000010,
,,,819.999782834E-6,4.40000010,
,,,829.999800771E-6,4.48000002,
,,,839.999760501E-6,4.48000002,
,,,849.999778438E-6,4.48000002,
,,,859.999796376E-6,4.48000002,
,,,869.999756105E-6,4.48000002,
,,,879.999774043E-6,4.48000002,
,,,889.999791980E-6,4.55999994,
,,,899.999751709E-6,4.48000002,
,,,909.999769647E-6,4.55999994,
,,,919.999787584E-6,4.48000002,
,,,929.999805521E-6,4.55999994,
,,,939.999765251E-6,4.48000002,
,,,949.999783188E-6,4.48000002,
,,,959.999801125E-6,4.48000002,
,,,969.999760855E-6,4.55999994,
,,,979.999778792E-6,4.55999994,
,,,989.999738522E-6,4.55999994,
,,,999.999814667E-6,4.48000002,
,,,1.0099998E-3,4.55999994,
,,,1.0199997E-3,4.55999994,
,,,1.0299998E-3,4.55999994,
,,,1.0399998E-3,4.55999994,
,,,1.0499997E-3,4.55999994,
,,,1.0599998E-3,4.55999994,
,,,1.0699998E-3,4.55999994,
,,,1.0799997E-3,4.63999987,
,,,1.0899998E-3,4.55999994,
,,,1.0999998E-3,4.55999994,
,,,1.1099997E-3,4.63999987,
,,,1.1199998E-3,4.63999987,
,,,1.1299998E-3,4.63999987,
,,,1.1399998E-3,4.55999994,
,,,1.1499998E-3,4.63999987,
,,,1.1599998E-3,4.63999987,
,,,1.1699998E-3,4.63999987,
,,,1.1799998E-3,4.63999987,
,,,1.1899997E-3,4.63999987,
,,,1.1999998E-3,4.63999987,
,,,1.2099998E-3,4.63999987,
,,,1.2199997E-3,4.63999987,
,,,1.2299998E-3,4.63999987,
,,,1.2399998E-3,4.63999987,
,,,1.2499997E-3,4.63999987,
,,,1.2599998E-3,4.71999979,
,,,1.2699998E-3,4.71999979,
,,,1.2799997E-3,4.71999979,
,,,1.2899998E-3,4.63999987,
,,,1.2999998E-3,4.71999979,
,,,1.3099997E-3,4.71999979,
,,,1.3199998E-3,4.71999979,
,,,1.3299998E-3,4.71999979,
,,,1.3399997E-3,4.71999979,
,,,1.3499998E-3,4.71999979,
,,,1.3599998E-3,4.71999979,
,,,1.3699997E-3,4.71999979,
,,,1.3799998E-3,4.79999971,
,,,1.3899998E-3,4.71999979,
,,,1.3999997E-3,4.71999979,
,,,1.4099998E-3,4.71999979,
,,,1.4199998E-3,4.71999979,
,,,1.4299997E-3,4.79999971,
,,,1.4399998E-3,4.71999979,
,,,1.4499997E-3,4.79999971,
,,,1.4599997E-3,4.71999979,
,,,1.4699998E-3,4.79999971,
,,,1.4799997E-3,4.79999971,
,,,1.4899998E-3,4.71999979,
,,,1.4999998E-3,4.79999971,
,,,1.5099997E-3,4.79999971,
,,,1.5199998E-3,4.79999971,
,,,1.5299998E-3,4.79999971,
,,,1.5399997E-3,4.79999971,
,,,1.5499998E-3,4.79999971,
,,,1.5599998E-3,4.79999971,
,,,1.5699997E-3,4.71999979,
,,,1.5799998E-3,4.79999971,
,,,1.5899998E-3,4.79999971,
,,,1.5999997E-3,4.79999971,
,,,1.6099998E-3,4.79999971,
,,,1.6199998E-3,4.79999971,
,,,1.6299997E-3,4.79999971,
,,,1.6399998E-3,4.79999971,
,,,1.6499998E-3,4.79999971,
,,,1.6599997E-3,4.79999971,
,,,1.6699998E-3,4.79999971,
,,,1.6799998E-3,4.79999971,
,,,1.6899997E-3,4.79999971,
,,,1.6999998E-3,4.79999971,
,,,1.7099997E-3,4.79999971,
,,,1.7199997E-3,4.79999971,
,,,1.7299998E-3,4.79999971,
,,,1.7399997E-3,4.79999971,
,,,1.7499997E-3,4.79999971,
,,,1.7599998E-3,4.79999971,
,,,1.7699997E-3,4.79999971,
,,,1.7799998E-3,4.79999971,
,,,1.7899998E-3,4.79999971,
,,,1.7999997E-3,4.88000011,
,,,1.8099998E-3,4.79999971,
,,,1.8199998E-3,4.79999971,
,,,1.8299997E-3,4.79999971,
,,,1.8399998E-3,4.79999971,
,,,1.8499998E-3,4.79999971,
,,,1.8599997E-3,4.88000011,
,,,1.8699998E-3,4.88000011,
,,,1.8799998E-3,4.79999971,
,,,1.8899997E-3,4.79999971,
,,,1.8999998E-3,4.88000011,
,,,1.9099998E-3,4.79999971,
,,,1.9199997E-3,4.79999971,
,,,1.9299998E-3,4.88000011,
,,,1.9399998E-3,4.88000011,
,,,1.9499997E-3,4.88000011,
,,,1.9599998E-3,4.79999971,
,,,1.9699999E-3,4.79999971,
,,,1.9799997E-3,4.79999971,
,,,1.9899998E-3,4.79999971,
,,,1.9999999E-3,4.88000011,
,,,2.0099997E-3,4.79999971,
,,,2.0199998E-3,4.79999971,
,,,2.0299999E-3,4.79999971,
,,,2.0399997E-3,4.88000011,
,,,2.0499998E-3,4.79999971,
,,,2.0599999E-3,4.79999971,
,,,2.0699997E-3,4.88000011,
,,,2.0799998E-3,4.88000011,
,,,2.0899998E-3,4.88000011,
,,,2.0999997E-3,4.79999971,
,,,2.1099998E-3,4.88000011,
,,,2.1199998E-3,4.88000011,
,,,2.1299997E-3,4.88000011,
,,,2.1399998E-3,4.88000011,
,,,2.1499998E-3,4.88000011,
,,,2.1599997E-3,4.88000011,
,,,2.1699998E-3,4.88000011,
,,,2.1799998E-3,4.88000011,
,,,2.1899997E-3,4.88000011,
,,,2.1999998E-3,4.88000011,
,,,2.2099998E-3,4.79999971,
,,,2.2199997E-3,4.88000011,
,,,2.2299998E-3,4.88000011,
,,,2.2399998E-3,4.88000011,
,,,2.2499997E-3,4.88000011,
,,,2.2599997E-3,4.88000011,
,,,2.2699998E-3,4.88000011,
,,,2.2799997E-3,4.88000011,
,,,2.2899997E-3,4.88000011,
,,,2.2999998E-3,4.88000011,
,,,2.3099997E-3,4.88000011,
,,,2.3199997E-3,4.88000011,
,,,2.3299998E-3,4.88000011,
,,,2.3399997E-3,4.96000004,
,,,2.3499997E-3,4.88000011,
,,,2.3599998E-3,4.88000011,
,,,2.3699997E-3,4.88000011,
,,,2.3799997E-3,4.88000011,
,,,2.3899998E-3,4.88000011,
,,,2.3999996E-3,4.88000011,
,,,2.4099997E-3,4.79999971,
,,,2.4199998E-3,4.88000011,
,,,2.4299996E-3,4.88000011,
,,,2.4399997E-3,4.88000011,
,,,2.4499998E-3,4.88000011,
,,,2.4599996E-3,4.88000011,
,,,2.4699997E-3,4.88000011,
,,,2.4799998E-3,4.88000011,
,,,2.4899996E-3,4.96000004,
,,,2.4999997E-3,4.88000011,
,,,2.5099998E-3,4.88000011,
,,,2.5199996E-3,4.88000011,
,,,2.5299997E-3,4.88000011,
,,,2.5399998E-3,4.88000011,
,,,2.5499996E-3,4.88000011,
,,,2.5599997E-3,4.88000011,
,,,2.5699998E-3,4.88000011,
,,,2.5799996E-3,4.96000004,
,,,2.5899997E-3,4.88000011,
,,,2.5999998E-3,4.88000011,
,,,2.6099999E-3,4.88000011,
,,,2.6199997E-3,4.96000004,
,,,2.6299998E-3,4.88000011,
,,,2.6399998E-3,4.88000011,
,,,2.6499997E-3,4.88000011,
,,,2.6599998E-3,4.96000004,
,,,2.6699998E-3,4.88000011,
,,,2.6799997E-3,4.88000011,
,,,2.6899998E-3,4.96000004,
,,,2.6999998E-3,4.96000004,
,,,2.7099997E-3,4.96000004,
,,,2.71999976E-3,4.88000011,
,,,2.72999983E-3,4.96000004,
,,,2.73999968E-3,4.96000004,
,,,2.74999975E-3,4.88000011,
,,,2.75999983E-3,4.88000011,
,,,2.76999967E-3,4.88000011,
,,,2.77999975E-3,4.96000004,
,,,2.78999982E-3,4.96000004,
,,,2.79999967E-3,4.88000011,
,,,2.80999974E-3,4.88000011,
,,,2.81999982E-3,4.96000004,
,,,2.82999966E-3,4.96000004,
,,,2.83999974E-3,4.88000011,
,,,2.84999982E-3,4.88000011,
,,,2.85999966E-3,4.96000004,
,,,2.86999973E-3,4.96000004,
,,,2.87999981E-3,4.88000011,
,,,2.88999965E-3,4.88000011,
,,,2.89999973E-3,4.88000011,
,,,2.90999981E-3,4.96000004,
,,,2.91999965E-3,4.96000004,
,,,2.92999973E-3,4.88000011,
,,,2.93999980E-3,4.88000011,
,,,2.94999965E-3,4.96000004,
,,,2.95999972E-3,4.96000004,
,,,2.96999980E-3,4.88000011,
,,,2.97999964E-3,4.88000011,
,,,2.98999972E-3,4.88000011,
,,,2.99999979E-3,4.88000011,
,,,3.00999964E-3,4.96000004,
,,,3.01999971E-3,4.88000011,
,,,3.02999979E-3,4.96000004,
,,,3.03999963E-3,4.96000004,
,,,3.04999971E-3,4.96000004,
,,,3.05999978E-3,4.96000004,
,,,3.06999963E-3,4.88000011,
,,,3.07999970E-3,4.88000011,
,,,3.08999978E-3,4.88000011,
,,,3.09999962E-3,4.96000004,
,,,3.10999970E-3,4.96000004,
,,,3.11999978E-3,4.96000004,
,,,3.12999962E-3,4.96000004,
,,,3.13999970E-3,4.96000004,
,,,3.14999977E-3,4.88000011,
,,,3.15999961E-3,4.88000011,
,,,3.16999969E-3,4.88000011,
,,,3.17999977E-3,4.88000011,
,,,3.18999961E-3,4.96000004,
,,,3.19999969E-3,4.96000004,
,,,3.20999976E-3,4.96000004,
,,,3.21999984E-3,4.96000004,
,,,3.22999968E-3,4.96000004,
,,,3.23999976E-3,4.88000011,
,,,3.24999983E-3,4.88000011,
,,,3.25999968E-3,4.88000011,
,,,3.26999975E-3,4.96000004,
,,,3.27999983E-3,4.96000004,
,,,3.28999967E-3,4.88000011,
,,,3.29999975E-3,4.96000004,
,,,3.30999983E-3,4.96000004,
,,,3.31999967E-3,4.96000004,
,,,3.32999974E-3,4.96000004,
,,,3.33999982E-3,4.96000004,
,,,3.34999966E-3,4.96000004,
,,,3.35999974E-3,4.96000004,
,,,3.36999982E-3,4.96000004,
,,,3.37999966E-3,4.88000011,
,,,3.38999974E-3,4.96000004,
,,,3.39999981E-3,4.96000004,
,,,3.40999966E-3,4.96000004,
,,,3.41999973E-3,4.96000004,
,,,3.42999981E-3,4.96000004,
,,,3.43999965E-3,4.96000004,
,,,3.44999973E-3,4.96000004,
,,,3.45999980E-3,4.96000004,
,,,3.46999965E-3,4.88000011,
,,,3.47999972E-3,4.96000004,
,,,3.48999980E-3,4.96000004,
,,,3.49999964E-3,4.96000004,
,,,3.50999972E-3,4.88000011,
,,,3.51999979E-3,4.88000011,
,,,3.52999964E-3,4.96000004,
,,,3.53999971E-3,4.96000004,
,,,3.54999979E-3,4.96000004,
,,,3.55999963E-3,4.88000011,
,,,3.56999971E-3,4.96000004,
,,,3.57999979E-3,4.96000004,
,,,3.58999963E-3,4.96000004,
,,,3.59999971E-3,4.96000004,
,,,3.60999978E-3,4.96000004,
,,,3.61999962E-3,4.96000004,
,,,3.62999970E-3,4.96000004,
,,,3.63999978E-3,4.88000011,
,,,3.64999962E-3,4.96000004,
,,,3.65999970E-3,4.96000004,
,,,3.66999977E-3,4.88000011,
,,,3.67999962E-3,4.96000004,
,,,3.68999969E-3,4.88000011,
,,,3.69999977E-3,4.88000011,
,,,3.70999961E-3,4.96000004,
,,,3.71999969E-3,4.96000004,
,,,3.72999976E-3,5.03999996,
,,,3.73999961E-3,4.88000011,
,,,3.74999968E-3,4.96000004,
,,,3.75999976E-3,4.96000004,
,,,3.76999960E-3,4.96000004,
,,,3.77999968E-3,4.96000004,
,,,3.78999976E-3,4.96000004,
,,,3.79999960E-3,4.96000004,
,,,3.80999967E-3,4.96000004,
,,,3.81999975E-3,4.88000011,
,,,3.82999959E-3,4.88000011,
,,,3.83999967E-3,4.96000004,
,,,3.84999975E-3,4.88000011,
,,,3.85999959E-3,4.96000004,
,,,3.86999967E-3,4.96000004,
,,,3.87999974E-3,4.96000004,
,,,3.88999982E-3,4.88000011,
,,,3.89999966E-3,4.96000004,
,,,3.90999950E-3,4.88000011,
,,,3.91999958E-3,4.96000004,
,,,3.92999966E-3,4.96000004,
,,,3.93999973E-3,4.96000004,
,,,3.94999981E-3,4.96000004,
,,,3.95999989E-3,4.96000004,
,,,3.96999950E-3,4.96000004,
,,,3.97999957E-3,4.88000011,
,,,3.98999965E-3,4.96000004,
,,,3.99999972E-3,4.96000004,
,,,4.00999980E-3,4.96000004,
,,,4.01999988E-3,4.96000004,
,,,4.02999949E-3,4.96000004,
,,,4.03999956E-3,4.96000004,
,,,4.04999964E-3,4.96000004,
,,,4.05999972E-3,4.96000004,
,,,4.06999979E-3,4.96000004,
,,,4.07999987E-3,4.96000004,
,,,4.08999948E-3,4.96000004,
,,,4.09999955E-3,4.96000004,
,,,4.10999963E-3,4.88000011,
,,,4.11999971E-3,4.96000004,
,,,4.12999978E-3,4.96000004,
,,,4.13999986E-3,4.96000004,
,,,4.14999947E-3,4.96000004,
,,,4.15999955E-3,4.96000004,
,,,4.16999962E-3,4.96000004,
,,,4.17999970E-3,4.96000004,
,,,4.18999977E-3,4.96000004,
,,,4.19999985E-3,4.96000004,
,,,4.20999993E-3,4.96000004,
,,,4.21999954E-3,4.96000004,
,,,4.22999961E-3,4.96000004,
,,,4.23999969E-3,4.96000004,
,,,4.24999977E-3,4.96000004,
,,,4.25999984E-3,4.96000004,
,,,4.26999992E-3,4.96000004,
,,,4.27999953E-3,4.96000004,
,,,4.28999960E-3,4.96000004,
,,,4.29999968E-3,4.96000004,
,,,4.30999976E-3,4.96000004,
,,,4.31999983E-3,4.96000004,
,,,4.32999991E-3,4.96000004,
,,,4.33999952E-3,4.96000004,
,,,4.34999960E-3,4.96000004,
,,,4.35999967E-3,4.96000004,
,,,4.36999975E-3,4.96000004,
,,,4.37999982E-3,4.96000004,
,,,4.38999990E-3,4.96000004,
,,,4.39999951E-3,4.96000004,
,,,4.40999959E-3,4.96000004,
,,,4.41999966E-3,4.96000004,
,,,4.42999974E-3,4.96000004,
,,,4.43999982E-3,4.96000004,
,,,4.44999989E-3,4.96000004,
,,,4.45999950E-3,4.88000011,
,,,4.46999958E-3,4.96000004,
,,,4.47999965E-3,4.96000004,
,,,4.48999973E-3,4.96000004,
,,,4.49999981E-3,4.96000004,
,,,4.50999988E-3,4.96000004,
,,,4.51999949E-3,4.96000004,
,,,4.52999957E-3,4.96000004,
,,,4.53999965E-3,4.96000004,
,,,4.54999972E-3,4.96000004,
,,,4.55999980E-3,4.96000004,
,,,4.56999987E-3,4.96000004,
,,,4.57999948E-3,4.96000004,
,,,4.58999956E-3,4.96000004,
,,,4.59999964E-3,4.96000004,
,,,4.60999971E-3,4.96000004,
,,,4.61999979E-3,4.96000004,
,,,4.62999986E-3,4.88000011,
,,,4.63999948E-3,4.88000011,
,,,4.64999955E-3,4.96000004,
,,,4.65999963E-3,4.88000011,
,,,4.66999970E-3,4.96000004,
,,,4.67999978E-3,4.96000004,
,,,4.68999986E-3,4.88000011,
,,,4.69999947E-3,4.96000004,
,,,4.70999954E-3,4.96000004,
,,,4.71999962E-3,4.96000004,
,,,4.72999969E-3,4.96000004,
,,,4.73999977E-3,4.96000004,
,,,4.74999985E-3,4.96000004,
,,,4.75999946E-3,4.96000004,
,,,4.76999953E-3,4.96000004,
,,,4.77999961E-3,4.96000004,
,,,4.78999969E-3,4.96000004,
,,,4.79999976E-3,4.88000011,
,,,4.80999984E-3,4.88000011,
,,,4.81999945E-3,4.96000004,
,,,4.82999953E-3,4.96000004,
,,,4.83999960E-3,4.96000004,
,,,4.84999968E-3,4.96000004,
,,,4.85999975E-3,4.88000011,
,,,4.86999983E-3,4.96000004,
,,,4.87999991E-3,4.96000004,
,,,4.88999952E-3,4.96000004,
,,,4.89999959E-3,4.96000004,
,,,4.90999967E-3,5.03999996,
,,,4.91999974E-3,4.96000004,
,,,4.92999982E-3,4.88000011,
,,,4.93999990E-3,4.96000004,
,,,4.94999951E-3,4.96000004,
,,,4.95999958E-3,4.96000004,
,,,4.96999966E-3,4.88000011,
,,,4.97999974E-3,4.96000004,
,,,4.98999981E-3,5.03999996,
,,,4.99999989E-3,4.88000011,
,,,5.00999950E-3,4.96000004,
,,,5.01999957E-3,4.88000011,
,,,5.02999965E-3,4.88000011,
,,,5.03999973E-3,4.96000004,
,,,5.04999980E-3,4.96000004,
,,,5.05999988E-3,5.03999996,
,,,5.06999949E-3,4.96000004,
,,,5.07999957E-3,4.96000004,
,,,5.08999964E-3,4.88000011,
,,,5.09999972E-3,4.96000004,
,,,5.10999979E-3,4.96000004,
,,,5.11999987E-3,4.88000011,
,,,5.12999948E-3,4.96000004,
,,,5.13999956E-3,4.96000004,
,,,5.14999963E-3,4.96000004,
,,,5.15999971E-3,4.96000004,
,,,5.16999979E-3,4.96000004,
,,,5.17999986E-3,4.96000004,
,,,5.18999947E-3,4.96000004,
,,,5.19999955E-3,4.96000004,
,,,5.20999962E-3,4.96000004,
,,,5.21999970E-3,4.96000004,
,,,5.22999978E-3,4.96000004,
,,,5.23999985E-3,4.96000004,
,,,5.24999946E-3,4.88000011,
,,,5.25999954E-3,4.96000004,
,,,5.26999962E-3,4.96000004,
,,,5.27999969E-3,4.96000004,
,,,5.28999977E-3,4.96000004,
,,,5.29999984E-3,4.96000004,
,,,5.30999945E-3,4.96000004,
,,,5.31999953E-3,4.88000011,
,,,5.32999961E-3,4.96000004,
,,,5.33999968E-3,4.96000004,
,,,5.34999976E-3,4.96000004,
,,,5.35999984E-3,4.96000004,
,,,5.36999945E-3,4.96000004,
,,,5.37999952E-3,4.96000004,
,,,5.38999960E-3,4.96000004,
,,,5.39999967E-3,4.96000004,
,,,5.40999975E-3,4.96000004,
,,,5.41999983E-3,4.96000004,
,,,5.42999944E-3,4.96000004,
,,,5.43999951E-3,4.88000011,
,,,5.44999959E-3,4.88000011,
,,,5.45999967E-3,4.96000004,
,,,5.46999974E-3,4.96000004,
,,,5.47999982E-3,4.96000004,
,,,5.48999989E-3,4.96000004,
,,,5.49999950E-3,4.96000004,
,,,5.50999958E-3,4.96000004,
,,,5.51999966E-3,4.96000004,
,,,5.52999973E-3,4.96000004,
,,,5.53999981E-3,4.88000011,
,,,5.54999989E-3,4.96000004,
,,,5.55999950E-3,4.96000004,
,,,5.56999957E-3,4.96000004,
,,,5.57999965E-3,4.96000004,
,,,5.58999972E-3,4.96000004,
,,,5.59999980E-3,4.96000004,
,,,5.60999988E-3,4.96000004,
,,,5.61999949E-3,4.96000004,
,,,5.62999956E-3,4.96000004,
,,,5.63999964E-3,4.96000004,
,,,5.64999972E-3,4.96000004,
,,,5.65999979E-3,4.88000011,
,,,5.66999987E-3,4.96000004,
,,,5.67999948E-3,4.96000004,
,,,5.68999955E-3,4.96000004,
,,,5.69999963E-3,4.88000011,
,,,5.70999971E-3,4.96000004,
,,,5.71999978E-3,4.96000004,
,,,5.72999986E-3,4.96000004,
,,,5.73999947E-3,4.96000004,
,,,5.74999955E-3,4.88000011,
,,,5.75999962E-3,4.96000004,
,,,5.76999970E-3,4.96000004,
,,,5.77999977E-3,4.96000004,
,,,5.78999985E-3,4.96000004,
,,,5.79999946E-3,4.96000004,
,,,5.80999954E-3,4.96000004,
,,,5.81999961E-3,4.96000004,
,,,5.82999969E-3,4.96000004,
,,,5.83999977E-3,4.96000004,
,,,5.84999984E-3,4.96000004,
,,,5.85999945E-3,4.96000004,
,,,5.86999953E-3,4.96000004,
,,,5.87999960E-3,4.96000004,
,,,5.88999968E-3,4.96000004,
,,,5.89999976E-3,4.96000004,
,,,5.90999983E-3,4.96000004,
,,,5.91999944E-3,4.96000004,
,,,5.92999952E-3,4.88000011,
,,,5.93999960E-3,4.96000004,
,,,5.94999967E-3,4.96000004,
,,,5.95999975E-3,4.96000004,
,,,5.96999982E-3,4.96000004,
,,,5.97999943E-3,4.96000004,
,,,5.98999951E-3,4.96000004,
,,,5.99999959E-3,5.03999996,
,,,6.00999966E-3,4.96000004,
,,,6.01999974E-3,4.96000004,
,,,6.02999981E-3,4.96000004,
,,,6.03999943E-3,4.96000004,
,,,6.04999950E-3,4.96000004,
,,,6.05999958E-3,4.96000004,
,,,6.06999965E-3,4.96000004,
,,,6.07999973E-3,4.96000004,
,,,6.08999981E-3,4.96000004,
,,,6.09999988E-3,4.96000004,
,,,6.10999949E-3,4.88000011,
,,,6.11999957E-3,4.96000004,
,,,6.12999965E-3,4.96000004,
,,,6.13999972E-3,4.96000004,
,,,6.14999980E-3,4.96000004,
,,,6.15999987E-3,4.96000004,
,,,6.16999948E-3,4.96000004,
,,,6.17999956E-3,4.96000004,
,,,6.18999964E-3,4.96000004,
,,,6.19999971E-3,4.88000011,
,,,6.20999979E-3,4.96000004,
,,,6.21999986E-3,4.88000011,
,,,6.22999948E-3,4.96000004,
,,,6.23999955E-3,4.96000004,
,,,6.24999963E-3,4.96000004,
,,,6.25999970E-3,4.96000004,
,,,6.26999978E-3,4.96000004,
,,,6.27999986E-3,4.96000004,
,,,6.28999947E-3,4.96000004,
,,,6.29999954E-3,4.96000004,
,,,6.30999962E-3,4.96000004,
,,,6.31999969E-3,4.96000004,
,,,6.32999977E-3,4.96000004,
,,,6.33999985E-3,4.96000004,
,,,6.34999946E-3,4.96000004,
,,,6.35999953E-3,4.96000004,
,,,6.36999961E-3,4.96000004,
,,,6.37999969E-3,4.96000004,
,,,6.38999976E-3,4.88000011,
,,,6.39999984E-3,4.96000004,
,,,6.40999945E-3,4.96000004,
,,,6.41999952E-3,4.96000004,
,,,6.42999960E-3,4.96000004,
,,,6.43999968E-3,4.96000004,
,,,6.44999975E-3,4.88000011,
,,,6.45999983E-3,4.96000004,
,,,6.46999944E-3,4.96000004,
,,,6.47999952E-3,4.96000004,
,,,6.48999959E-3,4.96000004,
,,,6.49999967E-3,5.03999996,
,,,6.50999974E-3,4.96000004,
,,,6.51999982E-3,4.96000004,
,,,6.52999943E-3,4.88000011,
,,,6.53999951E-3,4.96000004,
,,,6.54999958E-3,4.96000004,
,,,6.55999966E-3,4.96000004,
,,,6.56999974E-3,4.96000004,
,,,6.57999981E-3,4.96000004,
,,,6.58999942E-3,4.96000004,
,,,6.59999950E-3,5.03999996,
,,,6.60999957E-3,4.96000004,
,,,6.61999965E-3,4.96000004,
,,,6.62999973E-3,4.88000011,
,,,6.63999980E-3,4.96000004,
,,,6.64999941E-3,4.88000011,
,,,6.65999949E-3,4.96000004,
,,,6.66999957E-3,4.96000004,
,,,6.67999964E-3,4.96000004,
,,,6.68999972E-3,4.96000004,
,,,6.69999979E-3,5.03999996,
,,,6.70999940E-3,4.96000004,
,,,6.71999948E-3,4.96000004,
,,,6.72999956E-3,4.96000004,
,,,6.73999963E-3,4.96000004,
,,,6.74999971E-3,4.96000004,
,,,6.75999979E-3,4.96000004,
,,,6.76999986E-3,4.96000004,
,,,6.77999947E-3,4.88000011,
,,,6.78999955E-3,4.96000004,
,,,6.79999962E-3,4.96000004,
,,,6.80999970E-3,4.88000011,
,,,6.81999978E-3,4.96000004,
,,,6.82999985E-3,4.96000004,
,,,6.83999946E-3,4.96000004,
,,,6.84999954E-3,4.96000004,
,,,6.85999962E-3,4.96000004,
,,,6.86999969E-3,4.96000004,
,,,6.87999977E-3,4.96000004,
,,,6.88999984E-3,4.96000004,
,,,6.89999945E-3,4.88000011,
,,,6.90999953E-3,5.03999996,
,,,6.91999961E-3,4.96000004,
,,,6.92999968E-3,4.96000004,
,,,6.93999976E-3,4.96000004,
,,,6.94999984E-3,4.96000004,
,,,6.95999945E-3,4.88000011,
,,,6.96999952E-3,4.96000004,
,,,6.97999960E-3,4.96000004,
,,,6.98999967E-3,4.88000011,
,,,6.99999975E-3,4.96000004,
,,,7.00999983E-3,4.96000004,
,,,7.01999944E-3,4.96000004,
,,,7.02999951E-3,4.88000011,
,,,7.03999959E-3,4.96000004,
,,,7.04999967E-3,4.96000004,
,,,7.05999974E-3,4.96000004,
,,,7.06999982E-3,4.96000004,
,,,7.07999943E-3,4.96000004,
,,,7.08999950E-3,4.96000004,
,,,7.09999958E-3,4.96000004,
,,,7.10999966E-3,4.96000004,
,,,7.11999973E-3,4.88000011,
,,,7.12999981E-3,4.96000004,
,,,7.13999942E-3,4.96000004,
,,,7.14999950E-3,4.96000004,
,,,7.15999957E-3,4.96000004,
,,,7.16999965E-3,4.96000004,
,,,7.17999972E-3,4.96000004,
,,,7.18999980E-3,4.96000004,
,,,7.19999941E-3,4.96000004,
,,,7.20999949E-3,4.96000004,
,,,7.21999956E-3,4.96000004,
,,,7.22999964E-3,4.96000004,
,,,7.23999972E-3,4.88000011,
,,,7.24999979E-3,4.96000004,
,,,7.25999940E-3,4.96000004,
,,,7.26999948E-3,4.96000004,
,,,7.27999955E-3,4.96000004,
,,,7.28999963E-3,4.96000004,
,,,7.29999971E-3,4.96000004,
,,,7.30999978E-3,4.96000004,
,,,7.31999939E-3,4.96000004,
,,,7.32999947E-3,5.03999996,
,,,7.33999955E-3,4.96000004,
,,,7.34999962E-3,4.96000004,
,,,7.35999970E-3,5.03999996,
,,,7.36999977E-3,4.96000004,
,,,7.37999938E-3,4.96000004,
,,,7.389999460E-3,4.96000004,
,,,7.399999537E-3,5.03999996,
,,,7.409999613E-3,4.96000004,
,,,7.419999689E-3,4.96000004,
,,,7.429999765E-3,4.96000004,
,,,7.439999841E-3,4.88000011,
,,,7.449999452E-3,4.96000004,
,,,7.459999528E-3,4.96000004,
,,,7.469999604E-3,4.96000004,
,,,7.479999680E-3,4.96000004,
,,,7.489999756E-3,4.96000004,
,,,7.499999832E-3,4.96000004,
,,,7.509999443E-3,4.88000011,
,,,7.519999519E-3,4.96000004,
,,,7.529999595E-3,4.88000011,
,,,7.539999671E-3,5.03999996,
,,,7.549999747E-3,4.96000004,
,,,7.559999824E-3,4.96000004,
,,,7.569999434E-3,4.96000004,
,,,7.579999510E-3,5.03999996,
,,,7.589999586E-3,4.96000004,
,,,7.599999662E-3,4.96000004,
,,,7.609999739E-3,4.96000004,
,,,7.619999815E-3,4.96000004,
,,,7.629999425E-3,4.96000004,
,,,7.639999501E-3,4.96000004,
,,,7.649999578E-3,4.96000004,
,,,7.659999654E-3,4.96000004,
,,,7.669999730E-3,4.96000004,
,,,7.679999806E-3,4.88000011,
,,,7.689999416E-3,4.96000004,
,,,7.699999493E-3,4.96000004,
,,,7.709999569E-3,4.96000004,
,,,7.719999645E-3,5.03999996,
,,,7.729999721E-3,4.96000004,
,,,7.739999797E-3,4.96000004,
,,,7.749999408E-3,4.96000004,
,,,7.759999484E-3,4.96000004,
,,,7.769999560E-3,4.96000004,
,,,7.779999636E-3,4.96000004,
,,,7.789999712E-3,4.96000004,
,,,7.799999788E-3,4.96000004,
,,,7.809999399E-3,4.96000004,
,,,7.819999941E-3,4.96000004,
,,,7.829999551E-3,4.96000004,
,,,7.839999162E-3,4.96000004,
,,,7.849999703E-3,4.96000004,
,,,7.859999314E-3,4.96000004,
,,,7.869999856E-3,4.96000004,
,,,7.879999466E-3,4.96000004,
,,,7.890000008E-3,4.96000004,
,,,7.899999619E-3,4.96000004,
,,,7.909999229E-3,4.88000011,
,,,7.919999771E-3,4.96000004,
,,,7.929999381E-3,4.96000004,
,,,7.939999923E-3,4.96000004,
,,,7.949999534E-3,4.96000004,
,,,7.959999144E-3,4.96000004,
,,,7.969999686E-3,4.96000004,
,,,7.979999296E-3,4.88000011,
,,,7.989999838E-3,4.96000004,
,,,7.999999449E-3,4.96000004,
,,,8.009999990E-3,4.96000004,
,,,8.019999601E-3,4.96000004,
,,,8.029999211E-3,4.96000004,
,,,8.039999753E-3,4.96000004,
,,,8.049999364E-3,4.88000011,
,,,8.059999906E-3,4.96000004,
,,,8.069999516E-3,4.96000004,
,,,8.080000058E-3,4.96000004,
,,,8.089999668E-3,4.96000004,
,,,8.099999279E-3,4.96000004,
,,,8.109999821E-3,4.96000004,
,,,8.119999431E-3,4.96000004,
,,,8.129999973E-3,4.96000004,
,,,8.139999583E-3,4.96000004,
,,,8.149999194E-3,4.96000004,
,,,8.159999736E-3,4.96000004,
,,,8.169999346E-3,4.96000004,
,,,8.179999888E-3,4.96000004,
,,,8.189999498E-3,4.96000004,
,,,8.200000040E-3,4.96000004,
,,,8.209999651E-3,4.96000004,
,,,8.219999261E-3,4.96000004,
,,,8.229999803E-3,4.96000004,
,,,8.239999413E-3,4.96000004,
,,,8.249999955E-3,4.96000004,
,,,8.259999566E-3,4.96000004,
,,,8.269999176E-3,4.96000004,
,,,8.279999718E-3,4.96000004,
,,,8.289999329E-3,4.96000004,
,,,8.299999870E-3,4.96000004,
,,,8.309999481E-3,4.96000004,
,,,8.320000023E-3,4.96000004,
,,,8.329999633E-3,4.96000004,
,,,8.339999244E-3,4.96000004,
,,,8.349999785E-3,4.96000004,
,,,8.359999396E-3,4.96000004,
,,,8.369999938E-3,4.96000004,
,,,8.379999548E-3,4.96000004,
,,,8.389999159E-3,4.88000011,
,,,8.399999700E-3,4.96000004,
,,,8.409999311E-3,4.96000004,
,,,8.419999853E-3,4.96000004,
,,,8.429999463E-3,4.96000004,
,,,8.440000005E-3,4.96000004,
,,,8.449999616E-3,4.96000004,
,,,8.459999226E-3,4.96000004,
,,,8.469999768E-3,4.88000011,
,,,8.479999378E-3,4.96000004,
,,,8.489999920E-3,4.96000004,
,,,8.499999531E-3,4.96000004,
,,,8.509999141E-3,4.96000004,
,,,8.519999683E-3,4.88000011,
,,,8.529999293E-3,4.96000004,
,,,8.539999835E-3,4.96000004,
,,,8.549999446E-3,4.96000004,
,,,8.559999987E-3,4.96000004,
,,,8.569999598E-3,4.96000004,
,,,8.579999208E-3,5.03999996,
,,,8.589999750E-3,4.96000004,
,,,8.599999361E-3,4.96000004,
,,,8.609999903E-3,4.96000004,
,,,8.619999513E-3,4.96000004,
,,,8.629999124E-3,4.96000004,
,,,8.639999665E-3,4.96000004,
,,,8.649999276E-3,4.96000004,
,,,8.659999818E-3,4.96000004,
,,,8.669999428E-3,4.96000004,
,,,8.679999970E-3,5.03999996,
,,,8.689999580E-3,4.96000004,
,,,8.699999191E-3,4.96000004,
,,,8.709999733E-3,4.96000004,
,,,8.719999343E-3,4.96000004,
,,,8.729999885E-3,4.96000004,
,,,8.739999495E-3,4.96000004,
,,,8.750000037E-3,4.96000004,
,,,8.759999648E-3,4.96000004,
,,,8.769999258E-3,4.96000004,
,,,8.779999800E-3,4.96000004,
,,,8.789999411E-3,4.96000004,
,,,8.799999952E-3,4.96000004,
,,,8.809999563E-3,4.96000004,
,,,8.819999173E-3,4.96000004,
,,,8.829999715E-3,4.96000004,
,,,8.839999326E-3,4.96000004,
,,,8.849999867E-3,4.96000004,
,,,8.859999478E-3,4.96000004,
,,,8.870000020E-3,4.88000011,
,,,8.879999630E-3,4.96000004,
,,,8.889999241E-3,4.96000004,
,,,8.899999782E-3,4.96000004,
,,,8.909999393E-3,4.96000004,
,,,8.919999935E-3,4.96000004,
,,,8.929999545E-3,5.03999996,
,,,8.939999156E-3,5.03999996,
,,,8.949999698E-3,4.96000004,
,,,8.959999308E-3,4.88000011,
,,,8.969999850E-3,4.96000004,
,,,8.979999460E-3,5.03999996,
,,,8.990000002E-3,4.96000004,
,,,8.999999613E-3,4.96000004,
,,,9.009999223E-3,4.96000004,
,,,9.019999765E-3,5.03999996,
,,,9.029999375E-3,4.96000004,
,,,9.039999917E-3,5.03999996,
,,,9.049999528E-3,4.96000004,
,,,9.059999138E-3,4.96000004,
,,,9.069999680E-3,4.96000004,
,,,9.079999290E-3,4.96000004,
,,,9.089999832E-3,4.96000004,
,,,9.099999443E-3,4.96000004,
,,,9.109999985E-3,4.96000004,
,,,9.119999595E-3,4.96000004,
,,,9.129999205E-3,4.96000004,
,,,9.139999747E-3,4.96000004,
,,,9.149999358E-3,4.88000011,
,,,9.159999900E-3,4.79999971,
,,,9.169999510E-3,4.71999979,
,,,9.179999121E-3,4.71999979,
,,,9.189999662E-3,4.55999994,
,,,9.199999273E-3,4.55999994,
,,,9.209999815E-3,4.40000010,
,,,9.219999425E-3,4.31999969,
,,,9.229999967E-3,4.23999977,
,,,9.239999577E-3,4.23999977,
,,,9.249999188E-3,4.15999985,
,,,9.259999730E-3,4.07999992,
,,,9.269999340E-3,4.07999992,
,,,9.279999882E-3,3.91999984,
,,,9.289999492E-3,3.83999991,
,,,9.299999103E-3,3.83999991,
,,,9.309999645E-3,3.75999999,
,,,9.319999255E-3,3.75999999,
,,,9.329999797E-3,3.67999983,
,,,9.339999408E-3,3.59999990,
,,,9.349999949E-3,3.59999990,
,,,9.359999560E-3,3.51999998,
,,,9.369999170E-3,3.43999982,
,,,9.379999712E-3,3.43999982,
,,,9.389999323E-3,3.35999990,
,,,9.399999864E-3,3.35999990,
,,,9.409999475E-3,3.27999997,
,,,9.420000017E-3,3.19999981,
,,,9.429999627E-3,3.19999981,
,,,9.439999238E-3,3.11999989,
,,,9.449999779E-3,3.03999996,
,,,9.459999390E-3,3.03999996,
,,,9.469999932E-3,3.03999996,
,,,9.479999542E-3,2.96000004,
,,,9.489999153E-3,2.87999988,
,,,9.499999695E-3,2.87999988,
,,,9.509999305E-3,2.87999988,
,,,9.519999847E-3,2.79999995,
,,,9.529999457E-3,2.79999995,
,,,9.539999999E-3,2.72000003,
,,,9.549999610E-3,2.6399999,
,,,9.559999220E-3,2.6399999,
,,,9.569999762E-3,2.5599999,
,,,9.579999372E-3,2.5599999,
,,,9.589999914E-3,2.5599999,
,,,9.599999525E-3,2.4800000,
,,,9.609999135E-3,2.4800000,
,,,9.619999677E-3,2.4800000,
,,,9.629999287E-3,2.3999999,
,,,9.639999829E-3,2.3999999,
,,,9.649999440E-3,2.3999999,
,,,9.659999982E-3,2.3199999,
,,,9.669999592E-3,2.3199999,
,,,9.679999202E-3,2.2400000,
,,,9.689999744E-3,2.2400000,
,,,9.699999355E-3,2.2400000,
,,,9.709999897E-3,2.1599998,
,,,9.719999507E-3,2.1599998,
,,,9.729999118E-3,2.0799999,
,,,9.739999659E-3,2.1599998,
,,,9.749999270E-3,2.0799999,
,,,9.759999812E-3,2.0799999,
,,,9.769999422E-3,2.0000000,
,,,9.779999964E-3,2.0000000,
,,,9.789999574E-3,2.0000000,
,,,9.799999185E-3,1.9200000,
,,,9.809999727E-3,1.9200000,
,,,9.819999337E-3,1.9200000,
,,,9.829999879E-3,1.8399999,
,,,9.839999489E-3,1.8399999,
,,,9.849999100E-3,1.7600000,
,,,9.859999642E-3,1.7600000,
,,,9.869999252E-3,1.7600000,
,,,9.879999794E-3,1.7600000,
,,,9.889999405E-3,1.6799999,
,,,9.899999946E-3,1.7600000,
,,,9.909999557E-3,1.6799999,
,,,9.919999167E-3,1.6799999,
,,,9.929999709E-3,1.6799999,
,,,9.939999320E-3,1.5999999,
,,,9.949999861E-3,1.5999999,
,,,9.959999472E-3,1.5999999,
,,,9.970000014E-3,1.5999999,
,,,9.979999624E-3,1.5200000,
,,,9.989999235E-3,1.5200000,
,,,9.999999776E-3,1.5200000,
,,,10.0099994E-3,1.5200000,
,,,10.0199999E-3,1.5200000,
,,,10.0299995E-3,1.5200000,
,,,10.0399991E-3,1.4399999,
,,,10.0499997E-3,1.4399999,
,,,10.0599993E-3,1.4399999,
,,,10.0699998E-3,1.3600000,
,,,10.0799995E-3,1.3600000,
,,,10.0900000E-3,1.3600000,
,,,10.0999996E-3,1.3600000,
,,,10.1099992E-3,1.2800000,
,,,10.1199998E-3,1.2800000,
,,,10.1299994E-3,1.2800000,
,,,10.1399999E-3,1.2800000,
,,,10.1499995E-3,1.2800000,
,,,10.1599991E-3,1.2800000,
,,,10.1699997E-3,1.1999999,
,,,10.1799993E-3,1.1999999,
,,,10.1899998E-3,1.1999999,
,,,10.1999994E-3,1.1999999,
,,,10.2100000E-3,1.1200000,
,,,10.2199996E-3,1.1200000,
,,,10.2299992E-3,1.1200000,
,,,10.2399997E-3,1.1200000,
,,,10.2499994E-3,1.1200000,
,,,10.2599999E-3,1.1200000,
,,,10.2699995E-3,1.0400000,
,,,10.2799991E-3,1.1200000,
,,,10.2899997E-3,959.999978542E-3,
,,,10.2999993E-3,1.0400000,
,,,10.3099998E-3,1.0400000,
,,,10.3199994E-3,1.0400000,
,,,10.3300000E-3,959.999978542E-3,
,,,10.3399996E-3,959.999978542E-3,
,,,10.3499992E-3,1.0400000,
,,,10.3599997E-3,959.999978542E-3,
,,,10.3699993E-3,959.999978542E-3,
,,,10.3799999E-3,959.999978542E-3,
,,,10.3899995E-3,959.999978542E-3,
,,,10.3999991E-3,959.999978542E-3,
,,,10.4099996E-3,959.999978542E-3,
,,,10.4199992E-3,959.999978542E-3,
,,,10.4299998E-3,959.999978542E-3,
,,,10.4399994E-3,879.999995232E-3,
,,,10.4499999E-3,879.999995232E-3,
,,,10.4599996E-3,879.999995232E-3,
,,,10.4699992E-3,879.999995232E-3,
,,,10.4799997E-3,879.999995232E-3,
,,,10.4899993E-3,879.999995232E-3,
,,,10.4999999E-3,799.999952316E-3,
,,,10.5099995E-3,799.999952316E-3,
,,,10.5199991E-3,799.999952316E-3,
,,,10.5299996E-3,799.999952316E-3,
,,,10.5399992E-3,799.999952316E-3,
,,,10.5499998E-3,799.999952316E-3,
,,,10.5599994E-3,799.999952316E-3,
,,,10.5699999E-3,799.999952316E-3,
,,,10.5799995E-3,799.999952316E-3,
,,,10.5899991E-3,719.999969006E-3,
,,,10.5999997E-3,719.999969006E-3,
,,,10.6099993E-3,719.999969006E-3,
,,,10.6199998E-3,719.999969006E-3,
,,,10.6299995E-3,719.999969006E-3,
,,,10.6400000E-3,719.999969006E-3,
,,,10.6499996E-3,719.999969006E-3,
,,,10.6599992E-3,719.999969006E-3,
,,,10.6699998E-3,719.999969006E-3,
,,,10.6799994E-3,639.999985695E-3,
,,,10.6899999E-3,639.999985695E-3,
,,,10.6999995E-3,639.999985695E-3,
,,,10.7099991E-3,639.999985695E-3,
,,,10.7199997E-3,639.999985695E-3,
,,,10.7299993E-3,719.999969006E-3,
,,,10.7399998E-3,639.999985695E-3,
,,,10.7499994E-3,639.999985695E-3,
,,,10.7600000E-3,639.999985695E-3,
,,,10.7699996E-3,560.000002384E-3,
,,,10.7799992E-3,639.999985695E-3,
,,,10.7899997E-3,560.000002384E-3,
,,,10.7999993E-3,639.999985695E-3,
,,,10.8099999E-3,560.000002384E-3,
,,,10.8199995E-3,560.000002384E-3,
,,,10.8299991E-3,560.000002384E-3,
,,,10.8399997E-3,560.000002384E-3,
,,,10.8499993E-3,560.000002384E-3,
,,,10.8599998E-3,560.000002384E-3,
,,,10.8699994E-3,479.999989271E-3,
,,,10.8800000E-3,560.000002384E-3,
,,,10.8899996E-3,479.999989271E-3,
,,,10.8999992E-3,479.999989271E-3,
,,,10.9099997E-3,479.999989271E-3,
,,,10.9199993E-3,560.000002384E-3,
,,,10.9299999E-3,479.999989271E-3,
,,,10.9399995E-3,479.999989271E-3,
,,,10.9499991E-3,479.999989271E-3,
,,,10.9599996E-3,479.999989271E-3,
,,,10.9699992E-3,479.999989271E-3,
,,,10.9799998E-3,479.999989271E-3,
,,,10.9899994E-3,479.999989271E-3,
,,,10.9999999E-3,479.999989271E-3,
,,,11.0099996E-3,479.999989271E-3,
,,,11.0199992E-3,479.999989271E-3,
,,,11.0299997E-3,399.99997616E-3,
,,,11.0399993E-3,399.99997616E-3,
,,,11.0499999E-3,479.999989271E-3,
,,,11.0599995E-3,399.99997616E-3,
,,,11.0699991E-3,399.99997616E-3,
,,,11.0799996E-3,399.99997616E-3,
,,,11.0899992E-3,399.99997616E-3,
,,,11.0999998E-3,399.99997616E-3,
,,,11.1099994E-3,399.99997616E-3,
,,,11.1199999E-3,399.99997616E-3,
,,,11.1299995E-3,399.99997616E-3,
,,,11.1399991E-3,399.99997616E-3,
,,,11.1499997E-3,399.99997616E-3,
,,,11.1599993E-3,399.99997616E-3,
,,,11.1699998E-3,399.99997616E-3,
,,,11.1799994E-3,399.99997616E-3,
,,,11.1899991E-3,399.99997616E-3,
,,,11.1999996E-3,399.99997616E-3,
,,,11.2099992E-3,399.99997616E-3,
,,,11.2199998E-3,399.99997616E-3,
,,,11.2299994E-3,399.99997616E-3,
,,,11.2399999E-3,319.99999285E-3,
,,,11.2499995E-3,399.99997616E-3,
,,,11.2599991E-3,319.99999285E-3,
,,,11.2699997E-3,319.99999285E-3,
,,,11.2799993E-3,319.99999285E-3,
,,,11.2899998E-3,319.99999285E-3,
,,,11.2999994E-3,319.99999285E-3,
,,,11.3100000E-3,319.99999285E-3,
,,,11.3199996E-3,319.99999285E-3,
,,,11.3299992E-3,319.99999285E-3,
,,,11.3399997E-3,319.99999285E-3,
,,,11.3499993E-3,319.99999285E-3,
,,,11.3599999E-3,319.99999285E-3,
,,,11.3699995E-3,239.99999464E-3,
,,,11.3799991E-3,319.99999285E-3,
,,,11.3899997E-3,239.99999464E-3,
,,,11.3999993E-3,239.99999464E-3,
,,,11.4099998E-3,239.99999464E-3,
,,,11.4199994E-3,239.99999464E-3,
,,,11.4300000E-3,239.99999464E-3,
,,,11.4399996E-3,319.99999285E-3,
,,,11.4499992E-3,239.99999464E-3,
,,,11.4599997E-3,239.99999464E-3,
,,,11.4699993E-3,239.99999464E-3,
,,,11.4799999E-3,239.99999464E-3,
,,,11.4899995E-3,239.99999464E-3,
,,,11.4999991E-3,239.99999464E-3,
,,,11.5099996E-3,239.99999464E-3,
,,,11.5199992E-3,239.99999464E-3,
,,,11.5299998E-3,239.99999464E-3,
,,,11.5399994E-3,239.99999464E-3,
,,,11.5499999E-3,239.99999464E-3,
,,,11.5599995E-3,239.99999464E-3,
,,,11.5699992E-3,319.99999285E-3,
,,,11.5799997E-3,239.99999464E-3,
,,,11.5899993E-3,239.99999464E-3,
,,,11.5999999E-3,239.99999464E-3,
,,,11.6099995E-3,239.99999464E-3,
,,,11.6199991E-3,159.99999642E-3,
,,,11.6299996E-3,239.99999464E-3,
,,,11.6399992E-3,239.99999464E-3,
,,,11.6499998E-3,239.99999464E-3,
,,,11.6599994E-3,239.99999464E-3,
,,,11.6699999E-3,239.99999464E-3,
,,,11.6799995E-3,239.99999464E-3,
,,,11.6899991E-3,159.99999642E-3,
,,,11.6999997E-3,159.99999642E-3,
,,,11.7099993E-3,239.99999464E-3,
,,,11.7199998E-3,239.99999464E-3,
,,,11.7299994E-3,239.99999464E-3,
,,,11.7399991E-3,239.99999464E-3,
,,,11.7499996E-3,239.99999464E-3,
,,,11.7599992E-3,159.99999642E-3,
,,,11.7699997E-3,159.99999642E-3,
,,,11.7799994E-3,159.99999642E-3,
,,,11.7899999E-3,239.99999464E-3,
,,,11.7999995E-3,239.99999464E-3,
,,,11.8099991E-3,159.99999642E-3,
,,,11.8199997E-3,239.99999464E-3,
,,,11.8299993E-3,159.99999642E-3,
,,,11.8399998E-3,239.99999464E-3,
,,,11.8499994E-3,159.99999642E-3,
,,,11.8600000E-3,159.99999642E-3,
,,,11.8699996E-3,159.99999642E-3,
,,,11.8799992E-3,159.99999642E-3,
,,,11.8899997E-3,159.99999642E-3,
,,,11.8999993E-3,239.99999464E-3,
,,,11.9099999E-3,159.99999642E-3,
,,,11.9199995E-3,159.99999642E-3,
,,,11.9299991E-3,159.99999642E-3,
,,,11.9399996E-3,159.99999642E-3,
,,,11.9499993E-3,159.99999642E-3,
,,,11.9599998E-3,159.99999642E-3,
,,,11.9699994E-3,159.99999642E-3,
,,,11.9800000E-3,79.999998212E-3,
,,,11.9899996E-3,159.99999642E-3,
,,,11.9999992E-3,159.99999642E-3,
,,,12.0099997E-3,159.99999642E-3,
,,,12.0199993E-3,159.99999642E-3,
,,,12.0299999E-3,159.99999642E-3,
,,,12.0399995E-3,159.99999642E-3,
,,,12.0499991E-3,159.99999642E-3,
,,,12.0599996E-3,159.99999642E-3,
,,,12.0699992E-3,79.999998212E-3,
,,,12.0799998E-3,159.99999642E-3,
,,,12.0899994E-3,159.99999642E-3,
,,,12.0999999E-3,79.999998212E-3,
,,,12.1099995E-3,79.999998212E-3,
,,,12.1199992E-3,79.999998212E-3,
,,,12.1299997E-3,159.99999642E-3,
,,,12.1399993E-3,79.999998212E-3,
,,,12.1499998E-3,79.999998212E-3,
,,,12.1599995E-3,159.99999642E-3,
,,,12.1699991E-3,159.99999642E-3,
,,,12.1799996E-3,79.999998212E-3,
,,,12.1899992E-3,159.99999642E-3,
,,,12.1999998E-3,79.999998212E-3,
,,,12.2099994E-3,79.999998212E-3,
,,,12.2199999E-3,159.99999642E-3,
,,,12.2299995E-3,159.99999642E-3,
,,,12.2399991E-3,79.999998212E-3,
,,,12.2499997E-3,79.999998212E-3,
,,,12.2599993E-3,79.999998212E-3,
,,,12.2699998E-3,159.99999642E-3,
,,,12.2799994E-3,159.99999642E-3,
,,,12.2899991E-3,159.99999642E-3,
,,,12.2999996E-3,79.999998212E-3,
,,,12.3099992E-3,79.999998212E-3,
,,,12.3199997E-3,79.999998212E-3,
,,,12.3299994E-3,159.99999642E-3,
,,,12.3399999E-3,79.999998212E-3,
,,,12.3499995E-3,79.999998212E-3,
,,,12.3599991E-3,79.999998212E-3,
,,,12.3699997E-3,159.99999642E-3,
,,,12.3799993E-3,79.999998212E-3,
,,,12.3899998E-3,79.999998212E-3,
,,,12.3999994E-3,79.999998212E-3,
,,,12.4099990E-3,79.999998212E-3,
,,,12.4199996E-3,79.999998212E-3,
,,,12.4299992E-3,79.999998212E-3,
,,,12.4399997E-3,79.999998212E-3,
,,,12.4499993E-3,79.999998212E-3,
,,,12.4599999E-3,79.999998212E-3,
,,,12.4699995E-3,79.999998212E-3,
,,,12.4799991E-3,79.999998212E-3,
,,,12.4899996E-3,159.99999642E-3,
,,,12.4999993E-3,79.999998212E-3,
,,,12.5099998E-3,159.99999642E-3,
,,,12.5199994E-3,79.999998212E-3,
,,,12.5299999E-3,79.999998212E-3,
,,,12.5399996E-3,79.999998212E-3,
,,,12.5499992E-3,79.999998212E-3,
,,,12.5599997E-3,79.999998212E-3,
,,,12.5699993E-3,79.999998212E-3,
,,,12.5799999E-3,79.999998212E-3,
,,,12.5899995E-3,79.999998212E-3,
,,,12.5999991E-3,79.999998212E-3,
,,,12.6099996E-3,79.999998212E-3,
,,,12.6199992E-3,79.999998212E-3,
,,,12.6299998E-3,79.999998212E-3,
,,,12.6399994E-3,79.999998212E-3,
,,,12.6499999E-3,79.999998212E-3,
,,,12.6599995E-3,79.999998212E-3,
,,,12.6699992E-3,79.999998212E-3,
,,,12.6799997E-3,79.999998212E-3,
,,,12.6899993E-3,79.999998212E-3,
,,,12.6999998E-3,79.999998212E-3,
,,,12.7099995E-3,79.999998212E-3,
,,,12.7199991E-3,79.999998212E-3,
,,,12.7299996E-3,79.999998212E-3,
,,,12.7399992E-3,79.999998212E-3,
,,,12.7499998E-3,79.999998212E-3,
,,,12.7599994E-3,79.999998212E-3,
,,,12.7699999E-3,79.999998212E-3,
,,,12.7799995E-3,79.999998212E-3,
,,,12.7899991E-3,79.999998212E-3,
,,,12.7999997E-3,79.999998212E-3,
,,,12.8099993E-3,79.999998212E-3,
,,,12.8199998E-3,79.999998212E-3,
,,,12.8299994E-3,79.999998212E-3,
,,,12.8399990E-3,79.999998212E-3,
,,,12.8499996E-3,79.999998212E-3,
,,,12.8599992E-3,79.999998212E-3,
,,,12.8699997E-3,79.999998212E-3,
,,,12.8799994E-3,79.999998212E-3,
,,,12.8899999E-3,79.999998212E-3,
,,,12.8999995E-3,79.999998212E-3,
,,,12.9099991E-3,79.999998212E-3,
,,,12.9199997E-3,79.999998212E-3,
,,,12.9299993E-3,79.999998212E-3,
,,,12.9399998E-3,79.999998212E-3,
,,,12.9499994E-3,79.999998212E-3,
,,,12.9599990E-3,79.999998212E-3,
,,,12.9699996E-3,79.999998212E-3,
,,,12.9799992E-3,79.999998212E-3,
,,,12.9899997E-3,79.999998212E-3,
,,,12.9999993E-3,79.999998212E-3,
,,,13.0099999E-3,79.999998212E-3,
,,,13.0199995E-3,0.0,
,,,13.0299991E-3,79.999998212E-3,
,,,13.0399996E-3,79.999998212E-3,
,,,13.0499993E-3,79.999998212E-3,
,,,13.0599998E-3,79.999998212E-3,
,,,13.0699994E-3,79.999998212E-3,
,,,13.0799990E-3,79.999998212E-3,
,,,13.0899996E-3,79.999998212E-3,
,,,13.0999992E-3,79.999998212E-3,
,,,13.1099997E-3,79.999998212E-3,
,,,13.1199993E-3,0.0,
,,,13.1299999E-3,79.999998212E-3,
,,,13.1399995E-3,79.999998212E-3,
,,,13.1499991E-3,79.999998212E-3,
,,,13.1599996E-3,79.999998212E-3,
,,,13.1699992E-3,79.999998212E-3,
,,,13.1799998E-3,79.999998212E-3,
,,,13.1899994E-3,79.999998212E-3,
,,,13.1999999E-3,79.999998212E-3,
,,,13.2099995E-3,0.0,
,,,13.2199991E-3,79.999998212E-3,
,,,13.2299997E-3,79.999998212E-3,
,,,13.2399993E-3,79.999998212E-3,
,,,13.2499998E-3,79.999998212E-3,
,,,13.2599995E-3,79.999998212E-3,
,,,13.2699991E-3,0.0,
,,,13.2799996E-3,79.999998212E-3,
,,,13.2899992E-3,79.999998212E-3,
,,,13.2999998E-3,79.999998212E-3,
,,,13.3099994E-3,79.999998212E-3,
,,,13.3199999E-3,0.0,
,,,13.3299995E-3,79.999998212E-3,
,,,13.3399991E-3,79.999998212E-3,
,,,13.3499997E-3,79.999998212E-3,
,,,13.3599993E-3,79.999998212E-3,
,,,13.3699998E-3,79.999998212E-3,
,,,13.3799994E-3,79.999998212E-3,
,,,13.3899990E-3,79.999998212E-3,
,,,13.3999996E-3,79.999998212E-3,
,,,13.4099992E-3,79.999998212E-3,
,,,13.4199997E-3,79.999998212E-3,
,,,13.4299994E-3,79.999998212E-3,
,,,13.4399999E-3,79.999998212E-3,
,,,13.4499995E-3,79.999998212E-3,
,,,13.4599991E-3,79.999998212E-3,
,,,13.4699997E-3,79.999998212E-3,
,,,13.4799993E-3,79.999998212E-3,
,,,13.4899998E-3,79.999998212E-3,
,,,13.4999994E-3,79.999998212E-3,
,,,13.5099990E-3,0.0,
,,,13.5199996E-3,79.999998212E-3,
,,,13.5299992E-3,79.999998212E-3,
,,,13.5399997E-3,79.999998212E-3,
,,,13.5499993E-3,79.999998212E-3,
,,,13.5599999E-3,79.999998212E-3,
,,,13.5699995E-3,79.999998212E-3,
,,,13.5799991E-3,79.999998212E-3,
,,,13.5899996E-3,79.999998212E-3,
,,,13.5999992E-3,79.999998212E-3,
,,,13.6099998E-3,79.999998212E-3,
,,,13.6199994E-3,79.999998212E-3,
,,,13.6299990E-3,0.0,
,,,13.6399996E-3,79.999998212E-3,
,,,13.6499992E-3,0.0,
,,,13.6599997E-3,79.999998212E-3,
,,,13.6699993E-3,79.999998212E-3,
,,,13.6799999E-3,79.999998212E-3,
,,,13.6899995E-3,79.999998212E-3,
,,,13.6999991E-3,79.999998212E-3,
,,,13.7099996E-3,0.0,
,,,13.7199992E-3,79.999998212E-3,
,,,13.7299998E-3,79.999998212E-3,
,,,13.7399994E-3,79.999998212E-3,
,,,13.7499990E-3,0.0,
,,,13.7599995E-3,79.999998212E-3,
,,,13.7699991E-3,0.0,
,,,13.7799997E-3,79.999998212E-3,
,,,13.7899993E-3,0.0,
,,,13.7999998E-3,79.999998212E-3,
,,,13.8099995E-3,79.999998212E-3,
,,,13.8199991E-3,79.999998212E-3,
,,,13.8299996E-3,79.999998212E-3,
,,,13.8399992E-3,0.0,
,,,13.8499998E-3,0.0,
,,,13.8599994E-3,79.999998212E-3,
,,,13.8699999E-3,79.999998212E-3,
,,,13.8799995E-3,0.0,
,,,13.8899991E-3,0.0,
,,,13.8999997E-3,79.999998212E-3,
,,,13.9099993E-3,0.0,
,,,13.9199998E-3,0.0,
,,,13.9299994E-3,79.999998212E-3,
,,,13.9399990E-3,79.999998212E-3,
,,,13.9499996E-3,79.999998212E-3,
,,,13.9599992E-3,0.0,
,,,13.9699997E-3,0.0,
,,,13.9799993E-3,79.999998212E-3,
,,,13.9899999E-3,0.0,
,,,13.9999995E-3,0.0,
,,,14.0099991E-3,79.999998212E-3,
,,,14.0199997E-3,79.999998212E-3,
,,,14.0299993E-3,79.999998212E-3,
,,,14.0399998E-3,79.999998212E-3,
,,,14.0499994E-3,79.999998212E-3,
,,,14.0599990E-3,79.999998212E-3,
,,,14.0699996E-3,79.999998212E-3,
,,,14.0799992E-3,0.0,
,,,14.0899997E-3,0.0,
,,,14.0999993E-3,0.0,
,,,14.1099999E-3,0.0,
,,,14.1199995E-3,0.0,
,,,14.1299991E-3,0.0,
,,,14.1399996E-3,0.0,
,,,14.1499992E-3,79.999998212E-3,
,,,14.1599998E-3,0.0,
,,,14.1699994E-3,0.0,
,,,14.1799990E-3,0.0,
,,,14.1899996E-3,0.0,
,,,14.1999992E-3,79.999998212E-3,
,,,14.2099997E-3,79.999998212E-3,
,,,14.2199993E-3,79.999998212E-3,
,,,14.2299999E-3,0.0,
,,,14.2399995E-3,79.999998212E-3,
,,,14.2499991E-3,0.0,
,,,14.2599996E-3,79.999998212E-3,
,,,14.2699992E-3,79.999998212E-3,
,,,14.2799998E-3,79.999998212E-3,
,,,14.2899994E-3,0.0,
,,,14.2999990E-3,79.999998212E-3,
,,,14.3099995E-3,79.999998212E-3,
,,,14.3199991E-3,0.0,
,,,14.3299997E-3,0.0,
,,,14.3399993E-3,79.999998212E-3,
,,,14.3499998E-3,79.999998212E-3,
,,,14.3599994E-3,0.0,
,,,14.3699991E-3,0.0,
,,,14.3799996E-3,0.0,
,,,14.3899992E-3,79.999998212E-3,
,,,14.3999998E-3,79.999998212E-3,
,,,14.4099994E-3,79.999998212E-3,
,,,14.4199990E-3,79.999998212E-3,
,,,14.4299995E-3,0.0,
,,,14.4399991E-3,79.999998212E-3,
,,,14.4499997E-3,0.0,
,,,14.4599993E-3,0.0,
,,,14.4699998E-3,79.999998212E-3,
,,,14.4799994E-3,0.0,
,,,14.4899990E-3,79.999998212E-3,
,,,14.4999996E-3,0.0,
,,,14.5099992E-3,0.0,
,,,14.5199997E-3,0.0,
,,,14.5299993E-3,0.0,
,,,14.5399999E-3,0.0,
,,,14.5499995E-3,0.0,
,,,14.5599991E-3,79.999998212E-3,
,,,14.5699997E-3,0.0,
,,,14.5799993E-3,0.0,
,,,14.5899998E-3,79.999998212E-3,
,,,14.5999994E-3,0.0,
,,,14.6099990E-3,0.0,
,,,14.6199996E-3,0.0,
,,,14.6299992E-3,79.999998212E-3,
,,,14.6399997E-3,0.0,
,,,14.6499993E-3,79.999998212E-3,
,,,14.6599999E-3,0.0,
,,,14.6699995E-3,79.999998212E-3,
,,,14.6799991E-3,0.0,
,,,14.6899996E-3,79.999998212E-3,
,,,14.6999992E-3,0.0,
,,,14.7099998E-3,0.0,
,,,14.7199994E-3,0.0,
,,,14.7299990E-3,79.999998212E-3,
,,,14.7399995E-3,79.999998212E-3,
,,,14.7499992E-3,0.0,
,,,14.7599997E-3,0.0,
,,,14.7699993E-3,79.999998212E-3,
,,,14.7799999E-3,0.0,
,,,14.7899995E-3,79.999998212E-3,
,,,14.7999991E-3,0.0,
,,,14.8099996E-3,79.999998212E-3,
,,,14.8199992E-3,79.999998212E-3,
,,,14.8299998E-3,79.999998212E-3,
,,,14.8399994E-3,79.999998212E-3,
,,,14.8499990E-3,79.999998212E-3,
,,,14.8599995E-3,0.0,
,,,14.8699991E-3,79.999998212E-3,
,,,14.8799997E-3,79.999998212E-3,
,,,14.8899993E-3,0.0,
,,,14.8999998E-3,0.0,
,,,14.9099994E-3,0.0,
,,,14.9199991E-3,0.0,
,,,14.9299996E-3,-79.999998212E-3,
,,,14.9399992E-3,0.0,
,,,14.9499997E-3,79.999998212E-3,
,,,14.9599994E-3,79.999998212E-3,
,,,14.9699990E-3,0.0,
,,,14.9799995E-3,0.0,
,,,14.9899991E-3,79.999998212E-3,
,,,14.9999997E-3,0.0,
,,,15.0099993E-3,79.999998212E-3,
,,,15.0199998E-3,0.0,
,,,15.0299994E-3,0.0,
,,,15.0399990E-3,0.0,
,,,15.0499996E-3,0.0,
,,,15.0599992E-3,0.0,
,,,15.0699997E-3,0.0,
,,,15.0799993E-3,0.0,
,,,15.0899999E-3,79.999998212E-3,
,,,15.0999995E-3,0.0,
,,,15.1099991E-3,0.0,
,,,15.1199996E-3,0.0,
,,,15.1299993E-3,0.0,
,,,15.1399998E-3,0.0,
,,,15.1499994E-3,79.999998212E-3,
,,,15.1599990E-3,0.0,
,,,15.1699996E-3,79.999998212E-3,
,,,15.1799992E-3,79.999998212E-3,
,,,15.1899997E-3,79.999998212E-3,
,,,15.1999993E-3,79.999998212E-3,
,,,15.2099999E-3,0.0,
,,,15.2199995E-3,0.0,
,,,15.2299991E-3,0.0,
,,,15.2399996E-3,79.999998212E-3,
,,,15.2499992E-3,0.0,
,,,15.2599998E-3,79.999998212E-3,
,,,15.2699994E-3,79.999998212E-3,
,,,15.2799990E-3,0.0,
,,,15.2899995E-3,0.0,
,,,15.2999992E-3,79.999998212E-3,
,,,15.3099997E-3,0.0,
,,,15.3199993E-3,79.999998212E-3,
,,,15.3299998E-3,0.0,
,,,15.3399995E-3,79.999998212E-3,
,,,15.3499991E-3,0.0,
,,,15.3599996E-3,0.0,
,,,15.3699992E-3,79.999998212E-3,
,,,15.3799998E-3,79.999998212E-3,
,,,15.3899994E-3,0.0,
,,,15.3999990E-3,79.999998212E-3,
,,,15.4099995E-3,79.999998212E-3,
,,,15.4199991E-3,0.0,
,,,15.4299997E-3,0.0,
,,,15.4399993E-3,0.0,
,,,15.4499998E-3,0.0,
,,,15.4599994E-3,0.0,
,,,15.4699991E-3,79.999998212E-3,
,,,15.4799996E-3,0.0,
,,,15.4899992E-3,-79.999998212E-3,
,,,15.4999997E-3,0.0,
,,,15.5099994E-3,79.999998212E-3,
,,,15.5199990E-3,79.999998212E-3,
,,,15.5299995E-3,0.0,
,,,15.5399991E-3,0.0,
,,,15.5499997E-3,79.999998212E-3,
,,,15.5599993E-3,0.0,
,,,15.5699998E-3,0.0,
,,,15.5799994E-3,79.999998212E-3,
,,,15.5899990E-3,0.0,
,,,15.5999996E-3,0.0,
,,,15.6099992E-3,0.0,
,,,15.6199997E-3,79.999998212E-3,
,,,15.6299993E-3,0.0,
,,,15.6399999E-3,0.0,
,,,15.6499986E-3,79.999998212E-3,
,,,15.6599991E-3,0.0,
,,,15.6699996E-3,0.0,
,,,15.6800002E-3,0.0,
,,,15.6899989E-3,79.999998212E-3,
,,,15.6999994E-3,79.999998212E-3,
,,,15.7099999E-3,79.999998212E-3,
,,,15.7199986E-3,79.999998212E-3,
,,,15.7299992E-3,0.0,
,,,15.7399997E-3,0.0,
,,,15.7500003E-3,0.0,
,,,15.7599989E-3,79.999998212E-3,
,,,15.7699995E-3,0.0,
,,,15.7800000E-3,79.999998212E-3,
,,,15.7899987E-3,0.0,
,,,15.7999992E-3,0.0,
,,,15.8099998E-3,0.0,
,,,15.8200003E-3,79.999998212E-3,
,,,15.8299990E-3,0.0,
,,,15.8399995E-3,0.0,
,,,15.8500001E-3,0.0,
,,,15.8599988E-3,0.0,
,,,15.8699993E-3,0.0,
,,,15.8799998E-3,0.0,
,,,15.8899985E-3,0.0,
,,,15.8999991E-3,0.0,
,,,15.9099996E-3,0.0,
,,,15.9200002E-3,0.0,
,,,15.9299988E-3,0.0,
,,,15.9399994E-3,0.0,
,,,15.9499999E-3,0.0,
,,,15.9599986E-3,79.999998212E-3,
,,,15.9699991E-3,79.999998212E-3,
,,,15.9799997E-3,0.0,
,,,15.9900002E-3,0.0,
,,,15.9999989E-3,0.0,
,,,16.0099994E-3,79.999998212E-3,
,,,16.0200000E-3,0.0,
,,,16.0299987E-3,0.0,
,,,16.0399992E-3,0.0,
,,,16.0499997E-3,0.0,
,,,16.0600003E-3,0.0,
,,,16.0699990E-3,0.0,
,,,16.0799995E-3,0.0,
,,,16.0900000E-3,0.0,
,,,16.0999987E-3,0.0,
,,,16.1099993E-3,0.0,
,,,16.1199998E-3,0.0,
,,,16.1299985E-3,0.0,
,,,16.1399990E-3,0.0,
,,,16.1499996E-3,0.0,
,,,16.1600001E-3,79.999998212E-3,
,,,16.1699988E-3,0.0,
,,,16.1799993E-3,0.0,
,,,16.1899999E-3,79.999998212E-3,
,,,16.1999986E-3,0.0,
,,,16.2099991E-3,0.0,
,,,16.2199996E-3,0.0,
,,,16.2300002E-3,0.0,
,,,16.2399989E-3,0.0,
,,,16.2499994E-3,0.0,
,,,16.2599999E-3,79.999998212E-3,
,,,16.2699986E-3,0.0,
,,,16.2799992E-3,0.0,
,,,16.2899997E-3,79.999998212E-3,
,,,16.3000003E-3,0.0,
,,,16.3099989E-3,79.999998212E-3,
,,,16.3199995E-3,0.0,
,,,16.3300000E-3,0.0,
,,,16.3399987E-3,79.999998212E-3,
,,,16.3499992E-3,0.0,
,,,16.3599998E-3,0.0,
,,,16.3700003E-3,79.999998212E-3,
,,,16.3799990E-3,0.0,
,,,16.3899995E-3,79.999998212E-3,
,,,16.4000001E-3,0.0,
,,,16.4099988E-3,0.0,
,,,16.4199993E-3,0.0,
,,,16.4299998E-3,0.0,
,,,16.4399985E-3,0.0,
,,,16.4499991E-3,79.999998212E-3,
,,,16.4599996E-3,79.999998212E-3,
,,,16.4700001E-3,0.0,
,,,16.4799988E-3,79.999998212E-3,
,,,16.4899994E-3,0.0,
,,,16.4999999E-3,0.0,
,,,16.5099986E-3,0.0,
,,,16.5199991E-3,0.0,
,,,16.5299997E-3,0.0,
,,,16.5400002E-3,0.0,
,,,16.5499989E-3,79.999998212E-3,
,,,16.5599994E-3,0.0,
,,,16.5700000E-3,0.0,
,,,16.5799987E-3,0.0,
,,,16.5899992E-3,0.0,
,,,16.5999997E-3,0.0,
,,,16.6100003E-3,0.0,
,,,16.6199990E-3,79.999998212E-3,
,,,16.6299995E-3,79.999998212E-3,
,,,16.6400000E-3,0.0,
,,,16.6499987E-3,0.0,
,,,16.6599993E-3,0.0,
,,,16.6699998E-3,0.0,
,,,16.6799985E-3,0.0,
,,,16.6899990E-3,0.0,
,,,16.6999996E-3,0.0,
,,,16.7100001E-3,0.0,
,,,16.7199988E-3,0.0,
,,,16.7299993E-3,0.0,
,,,16.7399999E-3,0.0,
,,,16.7499986E-3,79.999998212E-3,
,,,16.7599991E-3,0.0,
,,,16.7699996E-3,79.999998212E-3,
,,,16.7800002E-3,79.999998212E-3,
,,,16.7899989E-3,0.0,
,,,16.7999994E-3,0.0,
,,,16.8099999E-3,0.0,
,,,16.8199986E-3,0.0,
,,,16.8299992E-3,0.0,
,,,16.8399997E-3,0.0,
,,,16.8500002E-3,0.0,
,,,16.8599989E-3,0.0,
,,,16.8699995E-3,0.0,
,,,16.8800000E-3,0.0,
,,,16.8899987E-3,0.0,
,,,16.8999992E-3,0.0,
,,,16.9099998E-3,0.0,
,,,16.9199985E-3,0.0,
,,,16.9299990E-3,0.0,
,,,16.9399995E-3,0.0,
,,,16.9500001E-3,0.0,
,,,16.9599988E-3,0.0,
,,,16.9699993E-3,0.0,
,,,16.9799998E-3,79.999998212E-3,
,,,16.9899985E-3,0.0,
,,,16.9999991E-3,0.0,
,,,17.0099996E-3,0.0,
,,,17.0200001E-3,0.0,
,,,17.0299988E-3,79.999998212E-3,
,,,17.0399994E-3,0.0,
,,,17.0499999E-3,0.0,
,,,17.0599986E-3,0.0,
,,,17.0699991E-3,0.0,
,,,17.0799997E-3,0.0,
,,,17.0900002E-3,79.999998212E-3,
,,,17.0999989E-3,0.0,
,,,17.1099994E-3,0.0,
,,,17.1200000E-3,0.0,
,,,17.1299987E-3,79.999998212E-3,
,,,17.1399992E-3,0.0,
,,,17.1499997E-3,0.0,
,,,17.1600003E-3,79.999998212E-3,
,,,17.1699990E-3,79.999998212E-3,
,,,17.1799995E-3,0.0,
,,,17.1900000E-3,0.0,
,,,17.1999987E-3,0.0,
,,,17.2099993E-3,79.999998212E-3,
,,,17.2199998E-3,79.999998212E-3,
,,,17.2299985E-3,79.999998212E-3,
,,,17.2399990E-3,0.0,
,,,17.2499996E-3,0.0,
,,,17.2600001E-3,0.0,
,,,17.2699988E-3,0.0,
,,,17.2799993E-3,0.0,
,,,17.2899999E-3,0.0,
,,,17.2999986E-3,0.0,
,,,17.3099991E-3,79.999998212E-3,
,,,17.3199996E-3,0.0,
,,,17.3300002E-3,0.0,
,,,17.3399989E-3,0.0,
,,,17.3499994E-3,79.999998212E-3,
,,,17.3599999E-3,0.0,
,,,17.3699986E-3,0.0,
,,,17.3799992E-3,0.0,
,,,17.3899997E-3,0.0,
,,,17.4000002E-3,0.0,
,,,17.4099989E-3,0.0,
,,,17.4199995E-3,79.999998212E-3,
,,,17.4300000E-3,0.0,
,,,17.4399987E-3,0.0,
,,,17.4499992E-3,79.999998212E-3,
,,,17.4599998E-3,0.0,
,,,17.4699984E-3,79.999998212E-3,
,,,17.4799990E-3,0.0,
,,,17.4899995E-3,0.0,
,,,17.5000001E-3,0.0,
,,,17.5099988E-3,0.0,
,,,17.5199993E-3,0.0,
,,,17.5299998E-3,0.0,
,,,17.5399985E-3,0.0,
,,,17.5499991E-3,0.0,
,,,17.5599996E-3,0.0,
,,,17.5700001E-3,0.0,
,,,17.5799988E-3,0.0,
,,,17.5899994E-3,0.0,
,,,17.5999999E-3,0.0,
,,,17.6099986E-3,0.0,
,,,17.6199991E-3,0.0,
,,,17.6299997E-3,0.0,
,,,17.6400002E-3,0.0,
,,,17.6499989E-3,79.999998212E-3,
,,,17.6599994E-3,0.0,
,,,17.6700000E-3,0.0,
,,,17.6799987E-3,0.0,
,,,17.6899992E-3,79.999998212E-3,
,,,17.6999997E-3,0.0,
,,,17.7100003E-3,79.999998212E-3,
,,,17.7199990E-3,0.0,
,,,17.7299995E-3,0.0,
,,,17.7400000E-3,0.0,
,,,17.7499987E-3,0.0,
,,,17.7599993E-3,0.0,
,,,17.7699998E-3,0.0,
,,,17.7799985E-3,0.0,
,,,17.7899990E-3,0.0,
,,,17.7999996E-3,0.0,
,,,17.8100001E-3,0.0,
,,,17.8199988E-3,0.0,
,,,17.8299993E-3,0.0,
,,,17.8399999E-3,0.0,
,,,17.8499985E-3,0.0,
,,,17.8599991E-3,79.999998212E-3,
,,,17.8699996E-3,79.999998212E-3,
,,,17.8800002E-3,0.0,
,,,17.8899989E-3,79.999998212E-3,
,,,17.8999994E-3,0.0,
,,,17.9099999E-3,-79.999998212E-3,
,,,17.9199986E-3,79.999998212E-3,
,,,17.9299992E-3,0.0,
,,,17.9399997E-3,79.999998212E-3,
,,,17.9500002E-3,0.0,
,,,17.9599989E-3,0.0,
,,,17.9699995E-3,0.0,
,,,17.9800000E-3,0.0,
,,,17.9899987E-3,0.0,
,,,17.9999992E-3,79.999998212E-3,
,,,18.0099998E-3,0.0,
,,,18.0199984E-3,-79.999998212E-3,
,,,18.0299990E-3,79.999998212E-3,
,,,18.0399995E-3,79.999998212E-3,
,,,18.0500001E-3,0.0,
,,,18.0599988E-3,0.0,
,,,18.0699993E-3,0.0,
,,,18.0799998E-3,0.0,
,,,18.0899985E-3,0.0,
,,,18.0999991E-3,0.0,
,,,18.1099996E-3,0.0,
,,,18.1200001E-3,0.0,
,,,18.1299988E-3,79.999998212E-3,
,,,18.1399994E-3,0.0,
,,,18.1499999E-3,0.0,
,,,18.1599986E-3,0.0,
,,,18.1699991E-3,0.0,
,,,18.1799997E-3,0.0,
,,,18.1900002E-3,79.999998212E-3,
,,,18.1999989E-3,0.0,
,,,18.2099994E-3,0.0,
,,,18.2200000E-3,0.0,
,,,18.2299986E-3,0.0,
,,,18.2399992E-3,0.0,
,,,18.2499997E-3,0.0,
,,,18.2599984E-3,0.0,
,,,18.2699990E-3,0.0,
,,,18.2799995E-3,0.0,
,,,18.2900000E-3,0.0,
,,,18.2999987E-3,0.0,
,,,18.3099993E-3,79.999998212E-3,
,,,18.3199998E-3,0.0,
,,,18.3299985E-3,79.999998212E-3,
,,,18.3399990E-3,0.0,
,,,18.3499996E-3,79.999998212E-3,
,,,18.3600001E-3,0.0,
,,,18.3699988E-3,0.0,
,,,18.3799993E-3,0.0,
,,,18.3899999E-3,-79.999998212E-3,
,,,18.3999985E-3,79.999998212E-3,
,,,18.4099991E-3,0.0,
,,,18.4199996E-3,0.0,
,,,18.4300002E-3,0.0,
,,,18.4399989E-3,79.999998212E-3,
,,,18.4499994E-3,0.0,
,,,18.4599999E-3,0.0,
,,,18.4699986E-3,0.0,
,,,18.4799992E-3,79.999998212E-3,
,,,18.4899997E-3,0.0,
,,,18.5000002E-3,0.0,
,,,18.5099989E-3,0.0,
,,,18.5199995E-3,79.999998212E-3,
,,,18.5300000E-3,79.999998212E-3,
,,,18.5399987E-3,0.0,
,,,18.5499992E-3,0.0,
,,,18.5599998E-3,0.0,
,,,18.5699984E-3,0.0,
,,,18.5799990E-3,0.0,
,,,18.5899995E-3,79.999998212E-3,
,,,18.6000001E-3,79.999998212E-3,
,,,18.6099987E-3,79.999998212E-3,
,,,18.6199993E-3,0.0,
,,,18.6299998E-3,0.0,
,,,18.6399985E-3,0.0,
,,,18.6499991E-3,79.999998212E-3,
,,,18.6599996E-3,0.0,
,,,18.6700001E-3,0.0,
,,,18.6799988E-3,0.0,
,,,18.6899994E-3,79.999998212E-3,
,,,18.6999999E-3,0.0,
,,,18.7099986E-3,0.0,
,,,18.7199991E-3,0.0,
,,,18.7299997E-3,0.0,
,,,18.7400002E-3,0.0,
,,,18.7499989E-3,0.0,
,,,18.7599994E-3,0.0,
,,,18.7700000E-3,0.0,
,,,18.7799986E-3,0.0,
,,,18.7899992E-3,0.0,
,,,18.7999997E-3,0.0,
,,,18.8099984E-3,-79.999998212E-3,
,,,18.8199989E-3,79.999998212E-3,
,,,18.8299995E-3,0.0,
,,,18.8400000E-3,79.999998212E-3,
,,,18.8499987E-3,0.0,
,,,18.8599993E-3,0.0,
,,,18.8699998E-3,0.0,
,,,18.8799985E-3,-79.999998212E-3,
,,,18.8899990E-3,0.0,
,,,18.8999996E-3,0.0,
,,,18.9100001E-3,0.0,
,,,18.9199988E-3,0.0,
,,,18.9299993E-3,0.0,
,,,18.9399999E-3,0.0,
,,,18.9499985E-3,0.0,
,,,18.9599991E-3,0.0,
,,,18.9699996E-3,0.0,
,,,18.9800002E-3,79.999998212E-3,
,,,18.9899988E-3,0.0,
,,,18.9999994E-3,0.0,
,,,19.0099999E-3,0.0,
,,,19.0199986E-3,79.999998212E-3,
,,,19.0299992E-3,79.999998212E-3,
,,,19.0399997E-3,0.0,
,,,19.0500002E-3,79.999998212E-3,
,,,19.0599989E-3,0.0,
,,,19.0699995E-3,0.0,
,,,19.0800000E-3,0.0,
,,,19.0899987E-3,0.0,
,,,19.0999992E-3,0.0,
,,,19.1099998E-3,79.999998212E-3,
,,,19.1199984E-3,0.0,
,,,19.1299990E-3,79.999998212E-3,
,,,19.1399995E-3,0.0,
,,,19.1500001E-3,79.999998212E-3,
,,,19.1599987E-3,159.99999642E-3,
,,,19.1699993E-3,159.99999642E-3,
,,,19.1799998E-3,239.99999464E-3,
,,,19.1899985E-3,399.99997616E-3,
,,,19.1999990E-3,399.99997616E-3,
,,,19.2099996E-3,399.99997616E-3,
,,,19.2200001E-3,479.999989271E-3,
,,,19.2299988E-3,560.000002384E-3,
,,,19.2399994E-3,639.999985695E-3,
,,,19.2499999E-3,719.999969006E-3,
,,,19.2599986E-3,719.999969006E-3,
,,,19.2699991E-3,799.999952316E-3,
,,,19.2799997E-3,799.999952316E-3,
,,,19.2900002E-3,879.999995232E-3,
,,,19.2999989E-3,959.999978542E-3,
,,,19.3099994E-3,959.999978542E-3,
,,,19.3200000E-3,1.0400000,
,,,19.3299986E-3,1.1200000,
,,,19.3399992E-3,1.1200000,
,,,19.3499997E-3,1.1999999,
,,,19.3599984E-3,1.2800000,
,,,19.3699989E-3,1.3600000,
,,,19.3799995E-3,1.3600000,
,,,19.3900000E-3,1.4399999,
,,,19.3999987E-3,1.4399999,
,,,19.4099993E-3,1.5200000,
,,,19.4199998E-3,1.5200000,
,,,19.4299985E-3,1.5200000,
,,,19.4399990E-3,1.5999999,
,,,19.4499996E-3,1.6799999,
,,,19.4600001E-3,1.6799999,
,,,19.4699988E-3,1.7600000,
,,,19.4799993E-3,1.8399999,
,,,19.4899999E-3,1.8399999,
,,,19.4999985E-3,1.9200000,
,,,19.5099991E-3,1.9200000,
,,,19.5199996E-3,1.9200000,
,,,19.5300002E-3,2.0000000,
,,,19.5399988E-3,2.0000000,
,,,19.5499994E-3,2.0799999,
,,,19.5599999E-3,2.0799999,
,,,19.5699986E-3,2.1599998,
,,,19.5799991E-3,2.1599998,
,,,19.5899997E-3,2.1599998,
,,,19.6000002E-3,2.1599998,
,,,19.6099989E-3,2.2400000,
,,,19.6199995E-3,2.3199999,
,,,19.6300000E-3,2.3199999,
,,,19.6399987E-3,2.3999999,
,,,19.6499992E-3,2.3999999,
,,,19.6599998E-3,2.3999999,
,,,19.6699984E-3,2.3999999,
,,,19.6799990E-3,2.4800000,
,,,19.6899995E-3,2.5599999,
,,,19.7000001E-3,2.5599999,
,,,19.7099987E-3,2.5599999,
,,,19.7199993E-3,2.6399999,
,,,19.7299998E-3,2.6399999,
,,,19.7399985E-3,2.6399999,
,,,19.7499990E-3,2.72000003,
,,,19.7599996E-3,2.72000003,
,,,19.7700001E-3,2.79999995,
,,,19.7799988E-3,2.79999995,
,,,19.7899994E-3,2.87999988,
,,,19.7999999E-3,2.79999995,
,,,19.8099986E-3,2.87999988,
,,,19.8199991E-3,2.87999988,
,,,19.8299997E-3,2.87999988,
,,,19.8400002E-3,2.96000004,
,,,19.8499989E-3,2.96000004,
,,,19.8599994E-3,3.03999996,
,,,19.8700000E-3,3.03999996,
,,,19.8799986E-3,3.03999996,
,,,19.8899992E-3,3.03999996,
,,,19.8999997E-3,3.11999989,
,,,19.9099984E-3,3.11999989,
,,,19.9199989E-3,3.11999989,
,,,19.9299995E-3,3.19999981,
,,,19.9400000E-3,3.19999981,
,,,19.9499987E-3,3.27999997,
,,,19.9599992E-3,3.27999997,
,,,19.9699998E-3,3.27999997,
,,,19.9799985E-3,3.27999997,
,,,19.9899990E-3,3.35999990,
,,,19.9999996E-3,3.35999990,
,,,20.0100001E-3,3.35999990,
,,,20.0199988E-3,3.35999990,
,,,20.0299993E-3,3.35999990,
,,,20.0399999E-3,3.43999982,
,,,20.0499985E-3,3.43999982,
,,,20.0599991E-3,3.43999982,
,,,20.0699996E-3,3.51999998,
,,,20.0800002E-3,3.51999998,
,,,20.08999884E-3,3.51999998,
,,,20.09999938E-3,3.51999998,
,,,20.10999992E-3,3.59999990,
,,,20.11999860E-3,3.51999998,
,,,20.12999915E-3,3.59999990,
,,,20.13999969E-3,3.59999990,
,,,20.14999837E-3,3.59999990,
,,,20.15999891E-3,3.67999983,
,,,20.16999945E-3,3.67999983,
,,,20.17999999E-3,3.67999983,
,,,20.18999867E-3,3.67999983,
,,,20.19999921E-3,3.75999999,
,,,20.20999976E-3,3.75999999,
,,,20.21999843E-3,3.75999999,
,,,20.22999898E-3,3.75999999,
,,,20.23999952E-3,3.75999999,
,,,20.25000006E-3,3.75999999,
,,,20.25999874E-3,3.83999991,
,,,20.26999928E-3,3.83999991,
,,,20.27999982E-3,3.91999984,
,,,20.28999850E-3,3.83999991,
,,,20.29999904E-3,3.91999984,
,,,20.30999959E-3,3.91999984,
,,,20.32000013E-3,3.91999984,
,,,20.32999881E-3,3.91999984,
,,,20.33999935E-3,3.91999984,
,,,20.34999989E-3,3.91999984,
,,,20.35999857E-3,3.91999984,
,,,20.36999911E-3,3.91999984,
,,,20.37999965E-3,4.00000000,
,,,20.39000019E-3,4.00000000,
,,,20.39999887E-3,4.07999992,
,,,20.40999942E-3,4.07999992,
,,,20.41999996E-3,4.07999992,
,,,20.42999864E-3,4.07999992,
,,,20.43999918E-3,4.07999992,
,,,20.44999972E-3,4.15999985,
,,,20.45999840E-3,4.15999985,
,,,20.46999894E-3,4.07999992,
,,,20.47999948E-3,4.15999985,
,,,20.49000002E-3,4.07999992,
,,,20.49999870E-3,4.15999985,
,,,20.50999925E-3,4.15999985,
,,,20.51999979E-3,4.15999985,
,,,20.52999847E-3,4.23999977,
,,,20.53999901E-3,4.15999985,
,,,20.54999955E-3,4.15999985,
,,,20.56000009E-3,4.23999977,
,,,20.56999877E-3,4.23999977,
,,,20.57999931E-3,4.15999985,
,,,20.58999985E-3,4.23999977,
,,,20.59999853E-3,4.23999977,
,,,20.60999908E-3,4.23999977,
,,,20.61999962E-3,4.23999977,
,,,20.63000016E-3,4.23999977,
,,,20.63999884E-3,4.31999969,
,,,20.64999938E-3,4.23999977,
,,,20.65999992E-3,4.31999969,
,,,20.66999860E-3,4.31999969,
,,,20.67999914E-3,4.31999969,
,,,20.68999968E-3,4.31999969,
,,,20.69999836E-3,4.31999969,
,,,20.70999891E-3,4.31999969,
,,,20.71999945E-3,4.31999969,
,,,20.72999999E-3,4.31999969,
,,,20.73999867E-3,4.40000010,
,,,20.74999921E-3,4.40000010,
,,,20.75999975E-3,4.40000010,
,,,20.76999843E-3,4.48000002,
,,,20.77999897E-3,4.40000010,
,,,20.78999951E-3,4.40000010,
,,,20.80000006E-3,4.40000010,
,,,20.80999874E-3,4.48000002,
,,,20.81999928E-3,4.40000010,
,,,20.82999982E-3,4.48000002,
,,,20.83999850E-3,4.48000002,
,,,20.84999904E-3,4.48000002,
,,,20.85999958E-3,4.48000002,
,,,20.87000012E-3,4.40000010,
,,,20.87999880E-3,4.48000002,
,,,20.88999934E-3,4.48000002,
,,,20.89999989E-3,4.48000002,
,,,20.90999857E-3,4.48000002,
,,,20.91999911E-3,4.55999994,
,,,20.92999965E-3,4.48000002,
,,,20.94000019E-3,4.48000002,
,,,20.94999887E-3,4.55999994,
,,,20.95999941E-3,4.48000002,
,,,20.96999995E-3,4.48000002,
,,,20.97999863E-3,4.55999994,
,,,20.98999918E-3,4.55999994,
,,,20.99999972E-3,4.48000002,
,,,21.00999840E-3,4.55999994,
,,,21.01999894E-3,4.55999994,
,,,21.02999948E-3,4.55999994,
,,,21.04000002E-3,4.55999994,
,,,21.04999870E-3,4.55999994,
,,,21.05999924E-3,4.55999994,
,,,21.06999978E-3,4.55999994,
,,,21.07999846E-3,4.55999994,
,,,21.08999901E-3,4.63999987,
,,,21.09999955E-3,4.55999994,
,,,21.11000009E-3,4.63999987,
,,,21.11999877E-3,4.63999987,
,,,21.12999931E-3,4.63999987,
,,,21.13999985E-3,4.63999987,
,,,21.14999853E-3,4.63999987,
,,,21.15999907E-3,4.63999987,
,,,21.16999961E-3,4.63999987,
,,,21.18000016E-3,4.63999987,
,,,21.18999884E-3,4.71999979,
,,,21.19999938E-3,4.63999987,
,,,21.20999992E-3,4.63999987,
,,,21.21999860E-3,4.63999987,
,,,21.22999914E-3,4.63999987,
,,,21.23999968E-3,4.63999987,
,,,21.24999836E-3,4.63999987,
,,,21.25999890E-3,4.63999987,
,,,21.26999944E-3,4.63999987,
,,,21.27999999E-3,4.63999987,
,,,21.28999867E-3,4.71999979,
,,,21.29999921E-3,4.71999979,
,,,21.30999975E-3,4.71999979,
,,,21.31999843E-3,4.71999979,
,,,21.32999897E-3,4.71999979,
,,,21.33999951E-3,4.63999987,
,,,21.35000005E-3,4.71999979,
,,,21.35999873E-3,4.71999979,
,,,21.36999927E-3,4.71999979,
,,,21.37999982E-3,4.71999979,
,,,21.38999850E-3,4.71999979,
,,,21.39999904E-3,4.71999979,
,,,21.40999958E-3,4.63999987,
,,,21.42000012E-3,4.79999971,
,,,21.42999880E-3,4.71999979,
,,,21.43999934E-3,4.71999979,
,,,21.44999988E-3,4.79999971,
,,,21.45999856E-3,4.71999979,
,,,21.46999910E-3,4.79999971,
,,,21.47999965E-3,4.79999971,
,,,21.49000019E-3,4.71999979,
,,,21.49999887E-3,4.79999971,
,,,21.50999941E-3,4.71999979,
,,,21.51999995E-3,4.79999971,
,,,21.52999863E-3,4.79999971,
,,,21.53999917E-3,4.79999971,
,,,21.54999971E-3,4.71999979,
,,,21.55999839E-3,4.71999979,
,,,21.56999893E-3,4.79999971,
,,,21.57999948E-3,4.79999971,
,,,21.59000002E-3,4.79999971,
,,,21.59999870E-3,4.79999971,
,,,21.60999924E-3,4.79999971,
,,,21.61999978E-3,4.79999971,
,,,21.62999846E-3,4.79999971,
,,,21.63999900E-3,4.79999971,
,,,21.64999954E-3,4.79999971,
,,,21.66000009E-3,4.79999971,
,,,21.66999876E-3,4.79999971,
,,,21.67999931E-3,4.79999971,
,,,21.68999985E-3,4.79999971,
,,,21.69999853E-3,4.79999971,
,,,21.70999907E-3,4.79999971,
,,,21.71999961E-3,4.79999971,
,,,21.73000015E-3,4.79999971,
,,,21.73999883E-3,4.79999971,
,,,21.74999937E-3,4.79999971,
,,,21.75999992E-3,4.79999971,
,,,21.76999860E-3,4.79999971,
,,,21.77999914E-3,4.79999971,
,,,21.78999968E-3,4.79999971,
,,,21.79999836E-3,4.79999971,
,,,21.80999890E-3,4.79999971,
,,,21.81999944E-3,4.79999971,
,,,21.82999998E-3,4.79999971,
,,,21.83999866E-3,4.79999971,
,,,21.84999920E-3,4.79999971,
,,,21.85999975E-3,4.79999971,
,,,21.86999843E-3,4.79999971,
,,,21.87999897E-3,4.88000011,
,,,21.88999951E-3,4.79999971,
,,,21.90000005E-3,4.79999971,
,,,21.90999873E-3,4.79999971,
,,,21.91999927E-3,4.79999971,
,,,21.92999981E-3,4.79999971,
,,,21.93999849E-3,4.79999971,
,,,21.94999903E-3,4.79999971,
,,,21.95999958E-3,4.88000011,
,,,21.97000012E-3,4.79999971,
,,,21.97999880E-3,4.79999971,
,,,21.98999934E-3,4.79999971,
,,,21.99999988E-3,4.79999971,
,,,22.00999856E-3,4.88000011,
,,,22.01999910E-3,4.79999971,
,,,22.02999964E-3,4.88000011,
,,,22.03999832E-3,4.79999971,
,,,22.04999886E-3,4.88000011,
,,,22.05999941E-3,4.79999971,
,,,22.06999995E-3,4.79999971,
,,,22.07999863E-3,4.88000011,
,,,22.08999917E-3,4.88000011,
,,,22.09999971E-3,4.79999971,
,,,22.10999839E-3,4.88000011,
,,,22.11999893E-3,4.88000011,
,,,22.12999947E-3,4.88000011,
,,,22.14000002E-3,4.88000011,
,,,22.14999869E-3,4.88000011,
,,,22.15999924E-3,4.88000011,
,,,22.16999978E-3,4.88000011,
,,,22.17999846E-3,4.88000011,
,,,22.18999900E-3,4.79999971,
,,,22.19999954E-3,4.88000011,
,,,22.21000008E-3,4.88000011,
,,,22.21999876E-3,4.79999971,
,,,22.22999930E-3,4.88000011,
,,,22.23999985E-3,4.88000011,
,,,22.24999852E-3,4.88000011,
,,,22.25999907E-3,4.88000011,
,,,22.26999961E-3,4.96000004,
,,,22.28000015E-3,4.88000011,
,,,22.28999883E-3,4.88000011,
,,,22.29999937E-3,4.88000011,
,,,22.30999991E-3,4.88000011,
,,,22.31999859E-3,4.88000011,
,,,22.32999913E-3,4.88000011,
,,,22.33999968E-3,4.88000011,
,,,22.34999835E-3,4.88000011,
,,,22.35999890E-3,4.88000011,
,,,22.36999944E-3,4.88000011,
,,,22.37999998E-3,4.88000011,
,,,22.38999866E-3,4.88000011,
,,,22.39999920E-3,4.88000011,
,,,22.40999974E-3,4.88000011,
,,,22.41999842E-3,4.88000011,
,,,22.42999896E-3,4.88000011,
,,,22.43999951E-3,4.88000011,
,,,22.45000005E-3,4.88000011,
,,,22.45999873E-3,4.88000011,
,,,22.46999927E-3,4.88000011,
,,,22.47999981E-3,4.96000004,
,,,22.48999849E-3,4.88000011,
,,,22.49999903E-3,4.88000011,
,,,22.50999957E-3,4.88000011,
,,,22.52000012E-3,4.88000011,
,,,22.52999879E-3,4.88000011,
,,,22.53999934E-3,4.88000011,
,,,22.54999988E-3,4.88000011,
,,,22.55999856E-3,4.88000011,
,,,22.56999910E-3,4.88000011,
,,,22.57999964E-3,4.88000011,
,,,22.58999832E-3,4.96000004,
,,,22.59999886E-3,4.88000011,
,,,22.60999940E-3,4.96000004,
,,,22.61999995E-3,4.88000011,
,,,22.62999862E-3,4.88000011,
,,,22.63999917E-3,4.96000004,
,,,22.64999971E-3,4.96000004,
,,,22.65999839E-3,4.96000004,
,,,22.66999893E-3,4.96000004,
,,,22.67999947E-3,4.96000004,
,,,22.69000001E-3,4.88000011,
,,,22.69999869E-3,4.96000004,
,,,22.70999923E-3,4.88000011,
,,,22.71999978E-3,4.88000011,
,,,22.72999845E-3,4.88000011,
,,,22.73999900E-3,4.88000011,
,,,22.74999954E-3,4.88000011,
,,,22.76000008E-3,4.88000011,
,,,22.76999876E-3,4.88000011,
,,,22.77999930E-3,4.88000011,
,,,22.78999984E-3,4.88000011,
,,,22.79999852E-3,4.96000004,
,,,22.80999906E-3,4.88000011,
,,,22.81999961E-3,4.88000011,
,,,22.83000015E-3,4.96000004,
,,,22.83999883E-3,4.88000011,
,,,22.84999937E-3,4.88000011,
,,,22.85999991E-3,4.88000011,
,,,22.86999859E-3,4.88000011,
,,,22.87999913E-3,4.88000011,
,,,22.88999967E-3,4.88000011,
,,,22.89999835E-3,4.88000011,
,,,22.90999889E-3,4.88000011,
,,,22.91999944E-3,4.88000011,
,,,22.92999998E-3,4.96000004,
,,,22.93999866E-3,4.96000004,
,,,22.94999920E-3,4.96000004,
,,,22.95999974E-3,4.88000011,
,,,22.96999842E-3,4.88000011,
,,,22.97999896E-3,4.96000004,
,,,22.98999950E-3,4.96000004,
,,,23.00000004E-3,4.96000004,
,,,23.00999872E-3,4.88000011,
,,,23.01999927E-3,4.96000004,
,,,23.02999981E-3,4.96000004,
,,,23.03999849E-3,4.88000011,
,,,23.04999903E-3,4.96000004,
,,,23.05999957E-3,4.96000004,
,,,23.07000011E-3,4.96000004,
,,,23.07999879E-3,4.88000011,
,,,23.08999933E-3,4.96000004,
